EUR/USD,20160729 20:50:12.065,1.11759,1.11766
EUR/USD,20160729 20:50:12.238,1.11759,1.11766
EUR/USD,20160729 20:50:13.098,1.11759,1.11766
EUR/USD,20160729 20:50:13.183,1.11759,1.11766
EUR/USD,20160729 20:50:15.758,1.11759,1.11766
EUR/USD,20160729 20:50:15.895,1.11759,1.11766
EUR/USD,20160729 20:50:16.136,1.11759,1.11766
EUR/USD,20160729 20:50:16.231,1.11759,1.11766
EUR/USD,20160729 20:50:16.580,1.1176,1.11766
EUR/USD,20160729 20:50:16.592,1.1176,1.11767
EUR/USD,20160729 20:50:16.805,1.1176,1.11767
EUR/USD,20160729 20:50:16.819,1.1176,1.11767
EUR/USD,20160729 20:50:17.057,1.1176,1.11767
EUR/USD,20160729 20:50:17.323,1.1176,1.11767
EUR/USD,20160729 20:50:18.254,1.1176,1.11767
EUR/USD,20160729 20:50:18.350,1.1176,1.11767
EUR/USD,20160729 20:50:18.938,1.1176,1.11767
EUR/USD,20160729 20:50:20.627,1.1176,1.11767
EUR/USD,20160729 20:50:21.160,1.1176,1.11767
EUR/USD,20160729 20:50:21.514,1.1176,1.11767
EUR/USD,20160729 20:50:22.216,1.1176,1.11767
EUR/USD,20160729 20:50:25.100,1.11761,1.11767
EUR/USD,20160729 20:50:25.107,1.11762,1.11767
EUR/USD,20160729 20:50:25.317,1.11762,1.11767
EUR/USD,20160729 20:50:25.766,1.11761,1.11767
EUR/USD,20160729 20:50:25.767,1.11761,1.11767
EUR/USD,20160729 20:50:25.768,1.1176,1.11767
EUR/USD,20160729 20:50:25.811,1.11761,1.11767
EUR/USD,20160729 20:50:25.988,1.11761,1.11767
EUR/USD,20160729 20:50:26.052,1.11761,1.11767
EUR/USD,20160729 20:50:26.223,1.1176,1.11767
EUR/USD,20160729 20:50:26.239,1.1176,1.11767
EUR/USD,20160729 20:50:26.435,1.1176,1.11767
EUR/USD,20160729 20:50:26.673,1.1176,1.11767
EUR/USD,20160729 20:50:27.259,1.1176,1.11767
EUR/USD,20160729 20:50:28.854,1.11761,1.11767
EUR/USD,20160729 20:50:29.000,1.11761,1.11767
EUR/USD,20160729 20:50:29.461,1.11761,1.11767
EUR/USD,20160729 20:50:29.916,1.11761,1.11767
EUR/USD,20160729 20:50:29.941,1.11761,1.11767
EUR/USD,20160729 20:50:30.148,1.1176,1.11767
EUR/USD,20160729 20:50:30.353,1.1176,1.11767
EUR/USD,20160729 20:50:30.394,1.1176,1.11767
EUR/USD,20160729 20:50:30.575,1.1176,1.11767
EUR/USD,20160729 20:50:30.836,1.1176,1.11767
EUR/USD,20160729 20:50:31.321,1.1176,1.11767
EUR/USD,20160729 20:50:32.094,1.1176,1.11767
EUR/USD,20160729 20:50:32.238,1.1176,1.11767
EUR/USD,20160729 20:50:32.316,1.11761,1.11767
EUR/USD,20160729 20:50:32.443,1.11761,1.11768
EUR/USD,20160729 20:50:32.505,1.11761,1.11768
EUR/USD,20160729 20:50:32.657,1.11761,1.11768
EUR/USD,20160729 20:50:32.747,1.11761,1.11768
EUR/USD,20160729 20:50:32.906,1.11761,1.11767
EUR/USD,20160729 20:50:33.141,1.11761,1.11767
EUR/USD,20160729 20:50:33.174,1.11761,1.11768
EUR/USD,20160729 20:50:33.414,1.11761,1.11768
EUR/USD,20160729 20:50:33.572,1.11761,1.11768
EUR/USD,20160729 20:50:33.650,1.11761,1.11767
EUR/USD,20160729 20:50:34.823,1.11761,1.11767
EUR/USD,20160729 20:50:35.418,1.11761,1.11767
EUR/USD,20160729 20:50:35.530,1.11762,1.11767
EUR/USD,20160729 20:50:36.262,1.11762,1.11767
EUR/USD,20160729 20:50:36.500,1.11762,1.11767
EUR/USD,20160729 20:50:36.710,1.11761,1.11767
EUR/USD,20160729 20:50:36.726,1.11762,1.11767
EUR/USD,20160729 20:50:36.865,1.11762,1.11769
EUR/USD,20160729 20:50:36.867,1.11763,1.11769
EUR/USD,20160729 20:50:36.869,1.11763,1.1177
EUR/USD,20160729 20:50:36.906,1.11764,1.1177
EUR/USD,20160729 20:50:36.917,1.11764,1.11768
EUR/USD,20160729 20:50:37.071,1.11764,1.11768
EUR/USD,20160729 20:50:37.155,1.11764,1.11768
EUR/USD,20160729 20:50:37.297,1.11764,1.1177
EUR/USD,20160729 20:50:37.346,1.11764,1.11769
EUR/USD,20160729 20:50:37.525,1.11764,1.11769
EUR/USD,20160729 20:50:37.526,1.11765,1.11769
EUR/USD,20160729 20:50:38.214,1.11765,1.11769
EUR/USD,20160729 20:50:39.137,1.11765,1.11769
EUR/USD,20160729 20:50:39.263,1.11765,1.11769
EUR/USD,20160729 20:50:40.825,1.11765,1.11769
EUR/USD,20160729 20:50:40.826,1.11764,1.11769
EUR/USD,20160729 20:50:41.034,1.11764,1.11769
EUR/USD,20160729 20:50:41.243,1.11764,1.11769
EUR/USD,20160729 20:50:41.706,1.11763,1.11769
EUR/USD,20160729 20:50:41.721,1.11762,1.11769
EUR/USD,20160729 20:50:41.921,1.11762,1.11768
EUR/USD,20160729 20:50:41.960,1.11761,1.11768
EUR/USD,20160729 20:50:42.126,1.11761,1.11768
EUR/USD,20160729 20:50:42.191,1.11761,1.11768
EUR/USD,20160729 20:50:42.610,1.11761,1.11767
EUR/USD,20160729 20:50:42.797,1.11761,1.11767
EUR/USD,20160729 20:50:43.485,1.11761,1.11767
EUR/USD,20160729 20:50:45.234,1.1176,1.11767
EUR/USD,20160729 20:50:45.253,1.1176,1.11767
EUR/USD,20160729 20:50:45.426,1.1176,1.11767
EUR/USD,20160729 20:50:45.494,1.1176,1.11767
EUR/USD,20160729 20:50:46.209,1.1176,1.11767
EUR/USD,20160729 20:50:47.104,1.11761,1.11767
EUR/USD,20160729 20:50:47.127,1.11759,1.11766
EUR/USD,20160729 20:50:47.316,1.11759,1.11766
EUR/USD,20160729 20:50:47.524,1.1176,1.11767
EUR/USD,20160729 20:50:47.549,1.1176,1.11767
EUR/USD,20160729 20:50:47.733,1.1176,1.11767
EUR/USD,20160729 20:50:48.393,1.1176,1.11767
EUR/USD,20160729 20:50:49.342,1.11766,1.11767
EUR/USD,20160729 20:50:49.345,1.11766,1.11768
EUR/USD,20160729 20:50:49.436,1.11766,1.11768
EUR/USD,20160729 20:50:49.555,1.11766,1.11769
EUR/USD,20160729 20:50:49.628,1.11766,1.11769
EUR/USD,20160729 20:50:49.865,1.11766,1.11769
EUR/USD,20160729 20:50:51.196,1.11766,1.11769
EUR/USD,20160729 20:50:51.852,1.11766,1.11769
EUR/USD,20160729 20:50:52.185,1.11766,1.11769
EUR/USD,20160729 20:50:52.812,1.11763,1.11769
EUR/USD,20160729 20:50:52.826,1.11763,1.11769
EUR/USD,20160729 20:50:53.066,1.11763,1.11769
EUR/USD,20160729 20:50:53.274,1.11763,1.11768
EUR/USD,20160729 20:50:53.480,1.11762,1.11768
EUR/USD,20160729 20:50:55.445,1.11762,1.11768
EUR/USD,20160729 20:50:56.130,1.11762,1.11768
EUR/USD,20160729 20:50:56.344,1.11762,1.11768
EUR/USD,20160729 20:50:56.600,1.11762,1.11768
EUR/USD,20160729 20:50:56.844,1.11762,1.11768
EUR/USD,20160729 20:50:56.857,1.11762,1.11769
EUR/USD,20160729 20:50:56.985,1.11762,1.11768
EUR/USD,20160729 20:50:56.986,1.11761,1.11768
EUR/USD,20160729 20:50:57.035,1.11761,1.11768
EUR/USD,20160729 20:50:57.187,1.11761,1.11768
EUR/USD,20160729 20:50:57.273,1.11761,1.11768
EUR/USD,20160729 20:50:58.933,1.11761,1.11768
EUR/USD,20160729 20:50:59.897,1.11762,1.11768
EUR/USD,20160729 20:50:59.954,1.11762,1.11768
EUR/USD,20160729 20:51:00.118,1.11761,1.11768
EUR/USD,20160729 20:51:00.119,1.11761,1.11767
EUR/USD,20160729 20:51:00.583,1.11761,1.11767
EUR/USD,20160729 20:51:00.825,1.1176,1.11767
EUR/USD,20160729 20:51:00.999,1.1176,1.11766
EUR/USD,20160729 20:51:01.044,1.1176,1.11766
EUR/USD,20160729 20:51:01.192,1.1176,1.11766
EUR/USD,20160729 20:51:01.885,1.1176,1.11767
EUR/USD,20160729 20:51:01.929,1.1176,1.11767
EUR/USD,20160729 20:51:02.162,1.1176,1.11767
EUR/USD,20160729 20:51:02.752,1.1176,1.11767
EUR/USD,20160729 20:51:03.796,1.1176,1.11767
EUR/USD,20160729 20:51:04.002,1.11761,1.11767
EUR/USD,20160729 20:51:04.014,1.11761,1.11768
EUR/USD,20160729 20:51:04.196,1.11761,1.11768
EUR/USD,20160729 20:51:04.218,1.11761,1.11767
EUR/USD,20160729 20:51:06.175,1.11761,1.11767
EUR/USD,20160729 20:51:06.176,1.11767,1.11768
EUR/USD,20160729 20:51:06.377,1.11767,1.11768
EUR/USD,20160729 20:51:06.396,1.11767,1.11768
EUR/USD,20160729 20:51:06.600,1.11767,1.11768
EUR/USD,20160729 20:51:06.637,1.11767,1.11768
EUR/USD,20160729 20:51:06.815,1.11767,1.11768
EUR/USD,20160729 20:51:06.871,1.11767,1.11768
EUR/USD,20160729 20:51:07.113,1.11767,1.11768
EUR/USD,20160729 20:51:07.465,1.11767,1.11768
EUR/USD,20160729 20:51:07.953,1.11767,1.11768
EUR/USD,20160729 20:51:10.441,1.11764,1.11768
EUR/USD,20160729 20:51:10.466,1.11762,1.11768
EUR/USD,20160729 20:51:10.644,1.11762,1.11768
EUR/USD,20160729 20:51:10.846,1.11762,1.11768
EUR/USD,20160729 20:51:11.321,1.11762,1.11768
EUR/USD,20160729 20:51:11.548,1.11762,1.11768
EUR/USD,20160729 20:51:11.783,1.11762,1.11768
EUR/USD,20160729 20:51:12.273,1.11762,1.11768
EUR/USD,20160729 20:51:14.384,1.11766,1.11768
EUR/USD,20160729 20:51:14.385,1.11767,1.11768
EUR/USD,20160729 20:51:14.587,1.11767,1.11768
EUR/USD,20160729 20:51:14.842,1.11767,1.11768
EUR/USD,20160729 20:51:14.845,1.11767,1.11769
EUR/USD,20160729 20:51:14.891,1.11767,1.11769
EUR/USD,20160729 20:51:14.914,1.11767,1.1177
EUR/USD,20160729 20:51:15.153,1.11767,1.1177
EUR/USD,20160729 20:51:15.770,1.11767,1.11769
EUR/USD,20160729 20:51:15.969,1.11767,1.11769
EUR/USD,20160729 20:51:16.239,1.11767,1.11769
EUR/USD,20160729 20:51:17.178,1.11767,1.11769
EUR/USD,20160729 20:51:17.425,1.11767,1.11769
EUR/USD,20160729 20:51:17.667,1.11767,1.11769
EUR/USD,20160729 20:51:19.052,1.11767,1.11769
EUR/USD,20160729 20:51:19.760,1.11767,1.11769
EUR/USD,20160729 20:51:20.641,1.11767,1.11769
EUR/USD,20160729 20:51:20.707,1.11767,1.11769
EUR/USD,20160729 20:51:20.925,1.11767,1.11769
EUR/USD,20160729 20:51:21.177,1.11767,1.11769
EUR/USD,20160729 20:51:21.820,1.11767,1.11769
EUR/USD,20160729 20:51:22.103,1.11767,1.11769
EUR/USD,20160729 20:51:23.728,1.11769,1.1177
EUR/USD,20160729 20:51:23.730,1.11767,1.1177
EUR/USD,20160729 20:51:23.944,1.11767,1.1177
EUR/USD,20160729 20:51:23.953,1.11767,1.1177
EUR/USD,20160729 20:51:24.160,1.11767,1.1177
EUR/USD,20160729 20:51:24.423,1.11767,1.1177
EUR/USD,20160729 20:51:24.600,1.11767,1.1177
EUR/USD,20160729 20:51:24.660,1.11767,1.1177
EUR/USD,20160729 20:51:24.809,1.11767,1.1177
EUR/USD,20160729 20:51:24.919,1.11767,1.11769
EUR/USD,20160729 20:51:25.263,1.11767,1.11769
EUR/USD,20160729 20:51:25.516,1.11767,1.1177
EUR/USD,20160729 20:51:25.545,1.11765,1.1177
EUR/USD,20160729 20:51:25.557,1.11764,1.11769
EUR/USD,20160729 20:51:25.580,1.11763,1.11769
EUR/USD,20160729 20:51:25.720,1.11763,1.11769
EUR/USD,20160729 20:51:25.820,1.11763,1.11769
EUR/USD,20160729 20:51:26.172,1.11763,1.11769
EUR/USD,20160729 20:51:26.177,1.11763,1.11769
EUR/USD,20160729 20:51:26.641,1.11763,1.11769
EUR/USD,20160729 20:51:27.114,1.11763,1.11769
EUR/USD,20160729 20:51:27.139,1.11763,1.11769
EUR/USD,20160729 20:51:27.385,1.11763,1.11769
EUR/USD,20160729 20:51:28.736,1.11763,1.11769
EUR/USD,20160729 20:51:28.861,1.11763,1.11769
EUR/USD,20160729 20:51:30.718,1.11763,1.11769
EUR/USD,20160729 20:51:31.301,1.11763,1.11769
EUR/USD,20160729 20:51:32.019,1.11763,1.11768
EUR/USD,20160729 20:51:32.063,1.11763,1.11768
EUR/USD,20160729 20:51:32.218,1.11763,1.11768
EUR/USD,20160729 20:51:32.300,1.11763,1.11768
EUR/USD,20160729 20:51:32.859,1.11763,1.11768
EUR/USD,20160729 20:51:32.904,1.11763,1.11768
EUR/USD,20160729 20:51:34.229,1.11763,1.11769
EUR/USD,20160729 20:51:34.350,1.11763,1.11769
EUR/USD,20160729 20:51:34.807,1.11763,1.11769
EUR/USD,20160729 20:51:35.660,1.11763,1.11769
EUR/USD,20160729 20:51:36.017,1.11763,1.11769
EUR/USD,20160729 20:51:36.133,1.11763,1.11769
EUR/USD,20160729 20:51:36.249,1.11763,1.11769
EUR/USD,20160729 20:51:37.191,1.11763,1.1177
EUR/USD,20160729 20:51:37.327,1.11763,1.1177
EUR/USD,20160729 20:51:38.374,1.11763,1.1177
EUR/USD,20160729 20:51:38.377,1.11765,1.1177
EUR/USD,20160729 20:51:38.390,1.11763,1.11769
EUR/USD,20160729 20:51:38.403,1.11764,1.11769
EUR/USD,20160729 20:51:38.413,1.11762,1.11768
EUR/USD,20160729 20:51:38.426,1.11763,1.1177
EUR/USD,20160729 20:51:38.586,1.11763,1.11769
EUR/USD,20160729 20:51:38.641,1.11763,1.11769
EUR/USD,20160729 20:51:38.809,1.11763,1.11769
EUR/USD,20160729 20:51:38.881,1.11763,1.11769
EUR/USD,20160729 20:51:39.044,1.11763,1.11769
EUR/USD,20160729 20:51:39.125,1.11763,1.11769
EUR/USD,20160729 20:51:40.906,1.11763,1.11769
EUR/USD,20160729 20:51:41.277,1.11763,1.11769
EUR/USD,20160729 20:51:41.746,1.11763,1.11769
EUR/USD,20160729 20:51:41.969,1.11763,1.11769
EUR/USD,20160729 20:51:42.204,1.11763,1.11769
EUR/USD,20160729 20:51:42.673,1.11763,1.11769
EUR/USD,20160729 20:51:43.546,1.11763,1.11768
EUR/USD,20160729 20:51:43.710,1.11763,1.11769
EUR/USD,20160729 20:51:43.737,1.11763,1.11769
EUR/USD,20160729 20:51:43.933,1.11763,1.11769
EUR/USD,20160729 20:51:45.114,1.11763,1.11768
EUR/USD,20160729 20:51:45.158,1.11763,1.11769
EUR/USD,20160729 20:51:45.322,1.11763,1.11769
EUR/USD,20160729 20:51:45.753,1.11763,1.11769
EUR/USD,20160729 20:51:46.077,1.11763,1.11768
EUR/USD,20160729 20:51:46.209,1.11763,1.11768
EUR/USD,20160729 20:51:46.422,1.11763,1.11768
EUR/USD,20160729 20:51:46.435,1.11763,1.11768
EUR/USD,20160729 20:51:47.148,1.11763,1.11768
EUR/USD,20160729 20:51:47.350,1.11763,1.11768
EUR/USD,20160729 20:51:48.326,1.11763,1.11767
EUR/USD,20160729 20:51:48.538,1.11761,1.11765
EUR/USD,20160729 20:51:48.541,1.11759,1.11764
EUR/USD,20160729 20:51:48.543,1.11759,1.11765
EUR/USD,20160729 20:51:48.548,1.11759,1.11764
EUR/USD,20160729 20:51:49.045,1.11759,1.11765
EUR/USD,20160729 20:51:49.170,1.1176,1.11765
EUR/USD,20160729 20:51:49.219,1.1176,1.11766
EUR/USD,20160729 20:51:49.379,1.1176,1.11766
EUR/USD,20160729 20:51:49.405,1.11758,1.11766
EUR/USD,20160729 20:51:49.420,1.11757,1.11765
EUR/USD,20160729 20:51:49.435,1.11759,1.11767
EUR/USD,20160729 20:51:49.561,1.11758,1.11766
EUR/USD,20160729 20:51:49.562,1.11759,1.11767
EUR/USD,20160729 20:51:49.566,1.1176,1.11768
EUR/USD,20160729 20:51:49.607,1.11761,1.11769
EUR/USD,20160729 20:51:49.623,1.1176,1.11768
EUR/USD,20160729 20:51:49.747,1.11761,1.11769
EUR/USD,20160729 20:51:49.816,1.11763,1.11771
EUR/USD,20160729 20:51:49.934,1.11763,1.11772
EUR/USD,20160729 20:51:49.936,1.11764,1.11772
EUR/USD,20160729 20:51:49.939,1.11763,1.11772
EUR/USD,20160729 20:51:49.964,1.11763,1.11773
EUR/USD,20160729 20:51:50.144,1.11763,1.11773
EUR/USD,20160729 20:51:50.348,1.11762,1.11772
EUR/USD,20160729 20:51:50.417,1.11762,1.11772
EUR/USD,20160729 20:51:50.560,1.11762,1.11771
EUR/USD,20160729 20:51:50.760,1.11762,1.11771
EUR/USD,20160729 20:51:51.201,1.11762,1.11771
EUR/USD,20160729 20:51:51.258,1.11762,1.11771
EUR/USD,20160729 20:51:51.737,1.11762,1.11771
EUR/USD,20160729 20:51:52.215,1.11762,1.11771
EUR/USD,20160729 20:51:52.370,1.11764,1.11773
EUR/USD,20160729 20:51:52.372,1.11765,1.11775
EUR/USD,20160729 20:51:52.451,1.11765,1.11775
EUR/USD,20160729 20:51:52.587,1.11765,1.11774
EUR/USD,20160729 20:51:52.653,1.11764,1.11773
EUR/USD,20160729 20:51:52.795,1.11763,1.11773
EUR/USD,20160729 20:51:52.839,1.11763,1.11773
EUR/USD,20160729 20:51:53.082,1.11763,1.11773
EUR/USD,20160729 20:51:53.435,1.11763,1.11773
EUR/USD,20160729 20:51:53.475,1.11764,1.11773
EUR/USD,20160729 20:51:53.614,1.11764,1.11774
EUR/USD,20160729 20:51:53.659,1.11764,1.11774
EUR/USD,20160729 20:51:54.136,1.11764,1.11774
EUR/USD,20160729 20:51:55.954,1.11764,1.11773
EUR/USD,20160729 20:51:56.270,1.11764,1.11773
EUR/USD,20160729 20:51:57.151,1.11764,1.11773
EUR/USD,20160729 20:51:57.334,1.11764,1.11773
EUR/USD,20160729 20:51:58.337,1.11764,1.11773
EUR/USD,20160729 20:51:58.728,1.11763,1.11772
EUR/USD,20160729 20:51:58.910,1.11763,1.11772
EUR/USD,20160729 20:51:58.963,1.11763,1.11772
EUR/USD,20160729 20:51:59.379,1.11763,1.11772
EUR/USD,20160729 20:51:59.887,1.11766,1.11774
EUR/USD,20160729 20:51:59.913,1.11766,1.11776
EUR/USD,20160729 20:51:59.924,1.11768,1.11777
EUR/USD,20160729 20:52:00.090,1.11767,1.11776
EUR/USD,20160729 20:52:00.091,1.11766,1.11775
EUR/USD,20160729 20:52:00.149,1.11766,1.11775
EUR/USD,20160729 20:52:00.285,1.11766,1.11776
EUR/USD,20160729 20:52:00.287,1.11766,1.11775
EUR/USD,20160729 20:52:00.288,1.11765,1.11774
EUR/USD,20160729 20:52:00.290,1.11766,1.11775
EUR/USD,20160729 20:52:00.312,1.11765,1.11774
EUR/USD,20160729 20:52:00.322,1.11766,1.11776
EUR/USD,20160729 20:52:00.335,1.11766,1.11775
EUR/USD,20160729 20:52:00.348,1.11765,1.11775
EUR/USD,20160729 20:52:00.490,1.11764,1.11774
EUR/USD,20160729 20:52:00.491,1.11765,1.11774
EUR/USD,20160729 20:52:00.495,1.11764,1.11773
EUR/USD,20160729 20:52:00.526,1.11763,1.11772
EUR/USD,20160729 20:52:00.551,1.11764,1.11773
EUR/USD,20160729 20:52:00.689,1.11765,1.11774
EUR/USD,20160729 20:52:00.690,1.11764,1.11773
EUR/USD,20160729 20:52:00.691,1.11766,1.11773
EUR/USD,20160729 20:52:00.717,1.11765,1.11774
EUR/USD,20160729 20:52:00.887,1.11765,1.11773
EUR/USD,20160729 20:52:00.889,1.11764,1.11772
EUR/USD,20160729 20:52:00.890,1.11766,1.11772
EUR/USD,20160729 20:52:00.907,1.11766,1.11771
EUR/USD,20160729 20:52:01.096,1.11766,1.11771
EUR/USD,20160729 20:52:01.097,1.11766,1.11772
EUR/USD,20160729 20:52:01.098,1.11765,1.11771
EUR/USD,20160729 20:52:01.109,1.11765,1.11772
EUR/USD,20160729 20:52:01.147,1.11766,1.11773
EUR/USD,20160729 20:52:01.158,1.11765,1.11773
EUR/USD,20160729 20:52:01.169,1.11766,1.11772
EUR/USD,20160729 20:52:01.286,1.11764,1.11772
EUR/USD,20160729 20:52:01.287,1.11765,1.11772
EUR/USD,20160729 20:52:01.288,1.11765,1.11773
EUR/USD,20160729 20:52:01.289,1.11766,1.11774
EUR/USD,20160729 20:52:01.290,1.11765,1.11772
EUR/USD,20160729 20:52:01.325,1.11765,1.11773
EUR/USD,20160729 20:52:01.501,1.11765,1.11773
EUR/USD,20160729 20:52:01.714,1.11766,1.11773
EUR/USD,20160729 20:52:01.715,1.11766,1.11774
EUR/USD,20160729 20:52:01.726,1.11767,1.11775
EUR/USD,20160729 20:52:01.748,1.11766,1.11773
EUR/USD,20160729 20:52:01.908,1.11766,1.11774
EUR/USD,20160729 20:52:01.926,1.11766,1.11773
EUR/USD,20160729 20:52:02.135,1.11766,1.11773
EUR/USD,20160729 20:52:02.167,1.11766,1.11773
EUR/USD,20160729 20:52:02.406,1.11766,1.11773
EUR/USD,20160729 20:52:02.779,1.11766,1.11773
EUR/USD,20160729 20:52:03.208,1.11766,1.11774
EUR/USD,20160729 20:52:03.375,1.11767,1.11774
EUR/USD,20160729 20:52:03.377,1.11767,1.11775
EUR/USD,20160729 20:52:03.378,1.11766,1.11774
EUR/USD,20160729 20:52:03.410,1.11766,1.11773
EUR/USD,20160729 20:52:03.577,1.11766,1.11774
EUR/USD,20160729 20:52:03.580,1.11767,1.11775
EUR/USD,20160729 20:52:03.581,1.11766,1.11774
EUR/USD,20160729 20:52:03.661,1.11766,1.11774
EUR/USD,20160729 20:52:03.794,1.11766,1.11774
EUR/USD,20160729 20:52:04.004,1.11766,1.11774
EUR/USD,20160729 20:52:04.038,1.11767,1.11774
EUR/USD,20160729 20:52:04.229,1.11767,1.11774
EUR/USD,20160729 20:52:04.667,1.11767,1.11775
EUR/USD,20160729 20:52:04.694,1.11767,1.11775
EUR/USD,20160729 20:52:05.130,1.11766,1.11774
EUR/USD,20160729 20:52:05.168,1.11766,1.11773
EUR/USD,20160729 20:52:05.323,1.11766,1.11773
EUR/USD,20160729 20:52:05.769,1.11766,1.11773
EUR/USD,20160729 20:52:06.059,1.11765,1.11772
EUR/USD,20160729 20:52:06.214,1.11765,1.11772
EUR/USD,20160729 20:52:06.300,1.11765,1.11772
EUR/USD,20160729 20:52:06.431,1.11765,1.11773
EUR/USD,20160729 20:52:06.492,1.11765,1.11773
EUR/USD,20160729 20:52:07.188,1.11765,1.11773
EUR/USD,20160729 20:52:11.247,1.11765,1.11772
EUR/USD,20160729 20:52:11.249,1.11763,1.11771
EUR/USD,20160729 20:52:11.286,1.11761,1.11771
EUR/USD,20160729 20:52:11.298,1.11761,1.11769
EUR/USD,20160729 20:52:11.309,1.1176,1.11769
EUR/USD,20160729 20:52:11.324,1.1176,1.1177
EUR/USD,20160729 20:52:11.451,1.11761,1.11771
EUR/USD,20160729 20:52:11.454,1.1176,1.1177
EUR/USD,20160729 20:52:11.456,1.11761,1.1177
EUR/USD,20160729 20:52:11.476,1.11762,1.11772
EUR/USD,20160729 20:52:11.644,1.11763,1.11773
EUR/USD,20160729 20:52:11.720,1.11763,1.11773
EUR/USD,20160729 20:52:11.870,1.11763,1.11773
EUR/USD,20160729 20:52:11.927,1.11766,1.11775
EUR/USD,20160729 20:52:11.941,1.11765,1.11775
EUR/USD,20160729 20:52:11.951,1.11764,1.11774
EUR/USD,20160729 20:52:12.076,1.11765,1.11775
EUR/USD,20160729 20:52:12.080,1.11765,1.11774
EUR/USD,20160729 20:52:12.159,1.11765,1.11774
EUR/USD,20160729 20:52:12.276,1.11765,1.11774
EUR/USD,20160729 20:52:12.503,1.11765,1.11774
EUR/USD,20160729 20:52:12.504,1.11764,1.11774
EUR/USD,20160729 20:52:12.524,1.11764,1.11774
EUR/USD,20160729 20:52:12.723,1.11764,1.11774
EUR/USD,20160729 20:52:12.948,1.11763,1.11773
EUR/USD,20160729 20:52:12.951,1.11763,1.11774
EUR/USD,20160729 20:52:12.952,1.11763,1.11772
EUR/USD,20160729 20:52:13.008,1.11763,1.11773
EUR/USD,20160729 20:52:13.020,1.11764,1.11774
EUR/USD,20160729 20:52:13.168,1.11764,1.11774
EUR/USD,20160729 20:52:13.172,1.11763,1.11773
EUR/USD,20160729 20:52:13.355,1.11762,1.11772
EUR/USD,20160729 20:52:13.356,1.11763,1.11773
EUR/USD,20160729 20:52:13.357,1.11762,1.11772
EUR/USD,20160729 20:52:13.422,1.11762,1.11772
EUR/USD,20160729 20:52:13.561,1.11763,1.11773
EUR/USD,20160729 20:52:13.563,1.11764,1.11774
EUR/USD,20160729 20:52:13.564,1.11763,1.11773
EUR/USD,20160729 20:52:13.617,1.11763,1.11773
EUR/USD,20160729 20:52:13.771,1.11763,1.11773
EUR/USD,20160729 20:52:13.799,1.11764,1.11774
EUR/USD,20160729 20:52:13.814,1.11764,1.11773
EUR/USD,20160729 20:52:13.972,1.11764,1.11773
EUR/USD,20160729 20:52:14.054,1.11764,1.11773
EUR/USD,20160729 20:52:14.183,1.11764,1.11774
EUR/USD,20160729 20:52:14.184,1.11763,1.11773
EUR/USD,20160729 20:52:14.186,1.11763,1.11773
EUR/USD,20160729 20:52:14.272,1.11763,1.11773
EUR/USD,20160729 20:52:14.389,1.11764,1.11774
EUR/USD,20160729 20:52:14.454,1.11764,1.11774
EUR/USD,20160729 20:52:14.468,1.11765,1.11775
EUR/USD,20160729 20:52:14.602,1.11765,1.11775
EUR/USD,20160729 20:52:14.832,1.11765,1.11775
EUR/USD,20160729 20:52:15.027,1.11765,1.11775
EUR/USD,20160729 20:52:15.074,1.11765,1.11775
EUR/USD,20160729 20:52:15.259,1.11765,1.11775
EUR/USD,20160729 20:52:15.315,1.11766,1.11776
EUR/USD,20160729 20:52:15.341,1.11767,1.11777
EUR/USD,20160729 20:52:15.460,1.11766,1.11776
EUR/USD,20160729 20:52:15.462,1.11765,1.11776
EUR/USD,20160729 20:52:15.512,1.11768,1.11778
EUR/USD,20160729 20:52:15.524,1.11767,1.11777
EUR/USD,20160729 20:52:15.535,1.11769,1.11778
EUR/USD,20160729 20:52:15.546,1.11767,1.11777
EUR/USD,20160729 20:52:15.682,1.11768,1.11778
EUR/USD,20160729 20:52:15.683,1.11767,1.11777
EUR/USD,20160729 20:52:15.684,1.11768,1.11778
EUR/USD,20160729 20:52:15.727,1.11767,1.11776
EUR/USD,20160729 20:52:15.930,1.11766,1.11776
EUR/USD,20160729 20:52:15.942,1.11767,1.11777
EUR/USD,20160729 20:52:15.956,1.11766,1.11775
EUR/USD,20160729 20:52:16.126,1.11766,1.11775
EUR/USD,20160729 20:52:16.129,1.11766,1.11776
EUR/USD,20160729 20:52:16.133,1.11767,1.11776
EUR/USD,20160729 20:52:16.140,1.11768,1.11778
EUR/USD,20160729 20:52:16.328,1.11768,1.11778
EUR/USD,20160729 20:52:16.752,1.11768,1.11778
EUR/USD,20160729 20:52:17.100,1.11768,1.11778
EUR/USD,20160729 20:52:17.231,1.11768,1.11778
EUR/USD,20160729 20:52:17.701,1.11768,1.11778
EUR/USD,20160729 20:52:18.121,1.11768,1.11777
EUR/USD,20160729 20:52:18.122,1.11768,1.11778
EUR/USD,20160729 20:52:18.187,1.11767,1.11777
EUR/USD,20160729 20:52:18.342,1.11768,1.11777
EUR/USD,20160729 20:52:18.547,1.11768,1.11777
EUR/USD,20160729 20:52:18.552,1.11767,1.11777
EUR/USD,20160729 20:52:18.766,1.11767,1.11777
EUR/USD,20160729 20:52:19.033,1.11767,1.11777
EUR/USD,20160729 20:52:19.243,1.11767,1.11777
EUR/USD,20160729 20:52:19.283,1.11767,1.11777
EUR/USD,20160729 20:52:19.452,1.11767,1.11777
EUR/USD,20160729 20:52:19.522,1.11767,1.11777
EUR/USD,20160729 20:52:19.927,1.11767,1.11777
EUR/USD,20160729 20:52:20.421,1.11767,1.11777
EUR/USD,20160729 20:52:20.468,1.11767,1.11777
EUR/USD,20160729 20:52:20.661,1.11767,1.11777
EUR/USD,20160729 20:52:21.178,1.11767,1.11777
EUR/USD,20160729 20:52:22.300,1.11767,1.11777
EUR/USD,20160729 20:52:24.513,1.11767,1.11776
EUR/USD,20160729 20:52:24.548,1.11767,1.11777
EUR/USD,20160729 20:52:24.715,1.11768,1.11778
EUR/USD,20160729 20:52:24.717,1.11767,1.11777
EUR/USD,20160729 20:52:24.720,1.11766,1.11776
EUR/USD,20160729 20:52:24.722,1.11766,1.11776
EUR/USD,20160729 20:52:24.725,1.11766,1.11775
EUR/USD,20160729 20:52:24.743,1.11766,1.11776
EUR/USD,20160729 20:52:24.914,1.11766,1.11776
EUR/USD,20160729 20:52:25.127,1.11766,1.11776
EUR/USD,20160729 20:52:25.128,1.11767,1.11776
EUR/USD,20160729 20:52:25.133,1.11768,1.11778
EUR/USD,20160729 20:52:25.158,1.11769,1.11779
EUR/USD,20160729 20:52:25.329,1.11768,1.11778
EUR/USD,20160729 20:52:25.332,1.11767,1.11776
EUR/USD,20160729 20:52:25.335,1.11768,1.11778
EUR/USD,20160729 20:52:25.344,1.11769,1.11779
EUR/USD,20160729 20:52:25.355,1.11768,1.11778
EUR/USD,20160729 20:52:25.425,1.11767,1.11778
EUR/USD,20160729 20:52:25.551,1.11767,1.11776
EUR/USD,20160729 20:52:25.554,1.11767,1.11777
EUR/USD,20160729 20:52:25.621,1.11766,1.11776
EUR/USD,20160729 20:52:25.763,1.11766,1.11776
EUR/USD,20160729 20:52:25.812,1.11767,1.11776
EUR/USD,20160729 20:52:25.944,1.11769,1.11778
EUR/USD,20160729 20:52:25.945,1.11769,1.11779
EUR/USD,20160729 20:52:25.946,1.11768,1.11778
EUR/USD,20160729 20:52:25.947,1.11767,1.11777
EUR/USD,20160729 20:52:26.026,1.11767,1.11777
EUR/USD,20160729 20:52:26.158,1.11767,1.11777
EUR/USD,20160729 20:52:26.369,1.11767,1.11777
EUR/USD,20160729 20:52:26.382,1.11767,1.11777
EUR/USD,20160729 20:52:26.600,1.11767,1.11777
EUR/USD,20160729 20:52:26.615,1.11767,1.11777
EUR/USD,20160729 20:52:27.067,1.11767,1.11777
EUR/USD,20160729 20:52:27.163,1.11767,1.11776
EUR/USD,20160729 20:52:27.175,1.11767,1.11777
EUR/USD,20160729 20:52:27.304,1.11768,1.11778
EUR/USD,20160729 20:52:27.305,1.11769,1.11778
EUR/USD,20160729 20:52:27.306,1.11771,1.1178
EUR/USD,20160729 20:52:27.313,1.11769,1.11779
EUR/USD,20160729 20:52:27.508,1.11769,1.11779
EUR/USD,20160729 20:52:27.546,1.11769,1.11779
EUR/USD,20160729 20:52:27.714,1.11765,1.11775
EUR/USD,20160729 20:52:27.716,1.11765,1.11775
EUR/USD,20160729 20:52:27.717,1.11766,1.11776
EUR/USD,20160729 20:52:27.720,1.11765,1.11775
EUR/USD,20160729 20:52:27.726,1.11764,1.11774
EUR/USD,20160729 20:52:27.736,1.11766,1.11777
EUR/USD,20160729 20:52:27.760,1.11766,1.11775
EUR/USD,20160729 20:52:27.770,1.11764,1.11775
EUR/USD,20160729 20:52:27.917,1.11765,1.11775
EUR/USD,20160729 20:52:27.922,1.11764,1.11775
EUR/USD,20160729 20:52:28.135,1.11764,1.11775
EUR/USD,20160729 20:52:28.344,1.11762,1.11772
EUR/USD,20160729 20:52:28.346,1.11765,1.11774
EUR/USD,20160729 20:52:28.348,1.11764,1.11774
EUR/USD,20160729 20:52:28.350,1.11764,1.11774
EUR/USD,20160729 20:52:28.353,1.11765,1.11774
EUR/USD,20160729 20:52:28.386,1.11764,1.11774
EUR/USD,20160729 20:52:28.399,1.11763,1.11773
EUR/USD,20160729 20:52:28.412,1.11764,1.11774
EUR/USD,20160729 20:52:28.544,1.11764,1.11774
EUR/USD,20160729 20:52:28.732,1.11765,1.11775
EUR/USD,20160729 20:52:28.746,1.11765,1.11775
EUR/USD,20160729 20:52:28.796,1.11764,1.11774
EUR/USD,20160729 20:52:28.812,1.11763,1.11773
EUR/USD,20160729 20:52:28.823,1.11764,1.11773
EUR/USD,20160729 20:52:28.954,1.11764,1.11774
EUR/USD,20160729 20:52:29.027,1.11764,1.11774
EUR/USD,20160729 20:52:29.170,1.11764,1.11774
EUR/USD,20160729 20:52:29.379,1.11764,1.11774
EUR/USD,20160729 20:52:29.387,1.11764,1.11774
EUR/USD,20160729 20:52:31.238,1.11764,1.11774
EUR/USD,20160729 20:52:33.013,1.11764,1.11774
EUR/USD,20160729 20:52:34.086,1.11765,1.11775
EUR/USD,20160729 20:52:34.090,1.11766,1.11775
EUR/USD,20160729 20:52:34.101,1.11765,1.11775
EUR/USD,20160729 20:52:34.295,1.11765,1.11775
EUR/USD,20160729 20:52:34.508,1.11766,1.11776
EUR/USD,20160729 20:52:34.527,1.11765,1.11775
EUR/USD,20160729 20:52:34.543,1.11765,1.11774
EUR/USD,20160729 20:52:34.555,1.11766,1.11776
EUR/USD,20160729 20:52:34.692,1.11765,1.11774
EUR/USD,20160729 20:52:34.693,1.11766,1.11776
EUR/USD,20160729 20:52:34.695,1.11767,1.11776
EUR/USD,20160729 20:52:34.696,1.11768,1.11777
EUR/USD,20160729 20:52:34.698,1.11768,1.11778
EUR/USD,20160729 20:52:34.699,1.11766,1.11776
EUR/USD,20160729 20:52:34.894,1.11766,1.11776
EUR/USD,20160729 20:52:34.895,1.11765,1.11775
EUR/USD,20160729 20:52:34.901,1.11766,1.11776
EUR/USD,20160729 20:52:34.912,1.11765,1.11775
EUR/USD,20160729 20:52:35.113,1.11765,1.11775
EUR/USD,20160729 20:52:35.151,1.11765,1.11775
EUR/USD,20160729 20:52:35.316,1.11765,1.11775
EUR/USD,20160729 20:52:35.320,1.11764,1.11774
EUR/USD,20160729 20:52:35.327,1.11764,1.11773
EUR/USD,20160729 20:52:35.341,1.11764,1.11774
EUR/USD,20160729 20:52:35.508,1.11764,1.11774
EUR/USD,20160729 20:52:35.538,1.11763,1.11773
EUR/USD,20160729 20:52:35.549,1.11764,1.11774
EUR/USD,20160729 20:52:35.562,1.11763,1.11773
EUR/USD,20160729 20:52:35.718,1.11764,1.11774
EUR/USD,20160729 20:52:35.726,1.11765,1.11775
EUR/USD,20160729 20:52:35.738,1.11765,1.11774
EUR/USD,20160729 20:52:35.937,1.11765,1.11774
EUR/USD,20160729 20:52:36.168,1.11765,1.11774
EUR/USD,20160729 20:52:36.231,1.11765,1.11774
EUR/USD,20160729 20:52:36.374,1.11765,1.11774
EUR/USD,20160729 20:52:36.598,1.11766,1.11775
EUR/USD,20160729 20:52:36.601,1.11767,1.11777
EUR/USD,20160729 20:52:36.612,1.11768,1.11777
EUR/USD,20160729 20:52:36.806,1.11768,1.11777
EUR/USD,20160729 20:52:36.831,1.11767,1.11776
EUR/USD,20160729 20:52:36.839,1.11766,1.11775
EUR/USD,20160729 20:52:36.865,1.11767,1.11776
EUR/USD,20160729 20:52:37.008,1.11766,1.11775
EUR/USD,20160729 20:52:37.014,1.11766,1.11775
EUR/USD,20160729 20:52:37.232,1.11766,1.11775
EUR/USD,20160729 20:52:37.444,1.11766,1.11775
EUR/USD,20160729 20:52:37.493,1.11769,1.11778
EUR/USD,20160729 20:52:37.504,1.11769,1.11778
EUR/USD,20160729 20:52:37.518,1.11767,1.11777
EUR/USD,20160729 20:52:37.533,1.11767,1.11776
EUR/USD,20160729 20:52:37.657,1.11767,1.11777
EUR/USD,20160729 20:52:37.659,1.11767,1.11777
EUR/USD,20160729 20:52:37.866,1.11767,1.11777
EUR/USD,20160729 20:52:37.867,1.11767,1.11776
EUR/USD,20160729 20:52:37.977,1.11767,1.11776
EUR/USD,20160729 20:52:38.172,1.11767,1.11776
EUR/USD,20160729 20:52:38.173,1.11768,1.11778
EUR/USD,20160729 20:52:38.174,1.11768,1.11778
EUR/USD,20160729 20:52:38.372,1.11768,1.11778
EUR/USD,20160729 20:52:38.386,1.11767,1.11777
EUR/USD,20160729 20:52:38.413,1.11767,1.11776
EUR/USD,20160729 20:52:38.436,1.11767,1.11777
EUR/USD,20160729 20:52:38.459,1.11768,1.11778
EUR/USD,20160729 20:52:38.583,1.11767,1.11777
EUR/USD,20160729 20:52:38.590,1.11767,1.11777
EUR/USD,20160729 20:52:38.625,1.11768,1.11778
EUR/USD,20160729 20:52:38.687,1.11767,1.11776
EUR/USD,20160729 20:52:38.819,1.11767,1.11776
EUR/USD,20160729 20:52:38.923,1.11767,1.11776
EUR/USD,20160729 20:52:39.048,1.11767,1.11777
EUR/USD,20160729 20:52:39.049,1.11767,1.11777
EUR/USD,20160729 20:52:39.099,1.11767,1.11777
EUR/USD,20160729 20:52:39.277,1.11767,1.11777
EUR/USD,20160729 20:52:39.499,1.11767,1.11776
EUR/USD,20160729 20:52:39.500,1.11767,1.11777
EUR/USD,20160729 20:52:39.536,1.11767,1.11777
EUR/USD,20160729 20:52:39.721,1.11767,1.11777
EUR/USD,20160729 20:52:39.746,1.11768,1.11777
EUR/USD,20160729 20:52:39.759,1.11767,1.11777
EUR/USD,20160729 20:52:39.933,1.11767,1.11777
EUR/USD,20160729 20:52:39.948,1.11768,1.11777
EUR/USD,20160729 20:52:39.961,1.11767,1.11777
EUR/USD,20160729 20:52:40.019,1.11766,1.11776
EUR/USD,20160729 20:52:40.158,1.11767,1.11777
EUR/USD,20160729 20:52:40.160,1.11775,1.11779
EUR/USD,20160729 20:52:40.162,1.11775,1.1178
EUR/USD,20160729 20:52:40.235,1.11775,1.1178
EUR/USD,20160729 20:52:40.361,1.11775,1.11779
EUR/USD,20160729 20:52:40.362,1.11775,1.11778
EUR/USD,20160729 20:52:40.363,1.11775,1.11777
EUR/USD,20160729 20:52:40.365,1.11775,1.11778
EUR/USD,20160729 20:52:40.366,1.11775,1.11777
EUR/USD,20160729 20:52:40.368,1.11775,1.11778
EUR/USD,20160729 20:52:40.410,1.11775,1.11779
EUR/USD,20160729 20:52:40.574,1.11775,1.1178
EUR/USD,20160729 20:52:40.575,1.11775,1.11779
EUR/USD,20160729 20:52:40.577,1.11775,1.11778
EUR/USD,20160729 20:52:40.590,1.11775,1.11779
EUR/USD,20160729 20:52:40.601,1.11775,1.11778
EUR/USD,20160729 20:52:40.624,1.11775,1.11779
EUR/USD,20160729 20:52:40.782,1.11775,1.11779
EUR/USD,20160729 20:52:40.990,1.11775,1.11778
EUR/USD,20160729 20:52:41.034,1.11775,1.11778
EUR/USD,20160729 20:52:41.229,1.11775,1.11778
EUR/USD,20160729 20:52:41.749,1.11775,1.11778
EUR/USD,20160729 20:52:41.875,1.11775,1.11778
EUR/USD,20160729 20:52:42.125,1.11775,1.11778
EUR/USD,20160729 20:52:42.141,1.11775,1.11777
EUR/USD,20160729 20:52:42.157,1.11775,1.11778
EUR/USD,20160729 20:52:42.170,1.11775,1.11779
EUR/USD,20160729 20:52:42.194,1.11775,1.11778
EUR/USD,20160729 20:52:42.329,1.11775,1.11779
EUR/USD,20160729 20:52:42.390,1.11775,1.1178
EUR/USD,20160729 20:52:42.525,1.11775,1.11779
EUR/USD,20160729 20:52:42.533,1.11775,1.1178
EUR/USD,20160729 20:52:42.731,1.11775,1.1178
EUR/USD,20160729 20:52:42.734,1.11775,1.11779
EUR/USD,20160729 20:52:42.942,1.11775,1.11779
EUR/USD,20160729 20:52:42.947,1.11775,1.11779
EUR/USD,20160729 20:52:43.399,1.11775,1.11779
EUR/USD,20160729 20:52:43.400,1.11775,1.1178
EUR/USD,20160729 20:52:43.401,1.11775,1.11782
EUR/USD,20160729 20:52:43.420,1.11775,1.1178
EUR/USD,20160729 20:52:43.602,1.11775,1.11779
EUR/USD,20160729 20:52:43.605,1.11775,1.1178
EUR/USD,20160729 20:52:43.606,1.11775,1.1178
EUR/USD,20160729 20:52:43.621,1.11775,1.1178
EUR/USD,20160729 20:52:43.634,1.11775,1.11779
EUR/USD,20160729 20:52:43.670,1.11775,1.1178
EUR/USD,20160729 20:52:43.802,1.11775,1.11779
EUR/USD,20160729 20:52:43.803,1.11775,1.1178
EUR/USD,20160729 20:52:43.805,1.11775,1.11779
EUR/USD,20160729 20:52:43.807,1.11775,1.1178
EUR/USD,20160729 20:52:43.839,1.11775,1.11779
EUR/USD,20160729 20:52:44.079,1.11775,1.11779
EUR/USD,20160729 20:52:44.244,1.11775,1.11779
EUR/USD,20160729 20:52:44.315,1.11775,1.11778
EUR/USD,20160729 20:52:44.450,1.11775,1.11779
EUR/USD,20160729 20:52:44.451,1.11775,1.1178
EUR/USD,20160729 20:52:44.452,1.11775,1.11779
EUR/USD,20160729 20:52:44.453,1.11775,1.1178
EUR/USD,20160729 20:52:44.490,1.11775,1.11779
EUR/USD,20160729 20:52:44.663,1.11775,1.1178
EUR/USD,20160729 20:52:44.664,1.11775,1.11779
EUR/USD,20160729 20:52:44.713,1.11775,1.11779
EUR/USD,20160729 20:52:44.868,1.11775,1.11778
EUR/USD,20160729 20:52:44.872,1.11775,1.11778
EUR/USD,20160729 20:52:44.875,1.11775,1.11779
EUR/USD,20160729 20:52:44.945,1.11775,1.11779
EUR/USD,20160729 20:52:45.079,1.11775,1.11779
EUR/USD,20160729 20:52:45.117,1.11775,1.1178
EUR/USD,20160729 20:52:45.152,1.11775,1.11779
EUR/USD,20160729 20:52:45.166,1.11775,1.1178
EUR/USD,20160729 20:52:45.302,1.11775,1.1178
EUR/USD,20160729 20:52:45.303,1.11775,1.11779
EUR/USD,20160729 20:52:45.310,1.11775,1.11778
EUR/USD,20160729 20:52:45.517,1.11775,1.1178
EUR/USD,20160729 20:52:45.518,1.11775,1.11779
EUR/USD,20160729 20:52:45.520,1.11775,1.1178
EUR/USD,20160729 20:52:45.721,1.11775,1.11779
EUR/USD,20160729 20:52:45.725,1.11775,1.11778
EUR/USD,20160729 20:52:45.939,1.11775,1.11778
EUR/USD,20160729 20:52:45.941,1.11775,1.11779
EUR/USD,20160729 20:52:45.943,1.11775,1.1178
EUR/USD,20160729 20:52:45.944,1.11775,1.11779
EUR/USD,20160729 20:52:45.970,1.11775,1.1178
EUR/USD,20160729 20:52:46.031,1.11775,1.11779
EUR/USD,20160729 20:52:46.164,1.11775,1.11779
EUR/USD,20160729 20:52:46.363,1.11775,1.11779
EUR/USD,20160729 20:52:46.490,1.11775,1.1178
EUR/USD,20160729 20:52:46.621,1.11775,1.1178
EUR/USD,20160729 20:52:46.835,1.11775,1.1178
EUR/USD,20160729 20:52:46.838,1.11775,1.11779
EUR/USD,20160729 20:52:46.929,1.11775,1.11779
EUR/USD,20160729 20:52:47.063,1.11775,1.11779
EUR/USD,20160729 20:52:47.161,1.11775,1.11779
EUR/USD,20160729 20:52:47.310,1.11775,1.11779
EUR/USD,20160729 20:52:47.396,1.11775,1.11779
EUR/USD,20160729 20:52:47.526,1.11775,1.11778
EUR/USD,20160729 20:52:47.527,1.11772,1.11778
EUR/USD,20160729 20:52:47.528,1.11768,1.11778
EUR/USD,20160729 20:52:47.531,1.11768,1.11777
EUR/USD,20160729 20:52:47.736,1.11768,1.11777
EUR/USD,20160729 20:52:47.750,1.11769,1.11778
EUR/USD,20160729 20:52:47.772,1.11769,1.11779
EUR/USD,20160729 20:52:47.810,1.11768,1.11778
EUR/USD,20160729 20:52:47.952,1.11768,1.11777
EUR/USD,20160729 20:52:47.976,1.11767,1.11777
EUR/USD,20160729 20:52:48.009,1.11767,1.11776
EUR/USD,20160729 20:52:48.165,1.11767,1.11776
EUR/USD,20160729 20:52:48.247,1.11767,1.11776
EUR/USD,20160729 20:52:48.386,1.11767,1.11776
EUR/USD,20160729 20:52:48.440,1.11767,1.11777
EUR/USD,20160729 20:52:48.465,1.11767,1.11776
EUR/USD,20160729 20:52:48.617,1.11768,1.11777
EUR/USD,20160729 20:52:48.636,1.11768,1.11777
EUR/USD,20160729 20:52:49.060,1.11768,1.11777
EUR/USD,20160729 20:52:49.063,1.11769,1.11778
EUR/USD,20160729 20:52:49.114,1.11767,1.11776
EUR/USD,20160729 20:52:49.276,1.11767,1.11776
EUR/USD,20160729 20:52:50.043,1.11768,1.11777
EUR/USD,20160729 20:52:50.191,1.11767,1.11776
EUR/USD,20160729 20:52:50.197,1.11767,1.11776
EUR/USD,20160729 20:52:50.377,1.11767,1.11776
EUR/USD,20160729 20:52:50.590,1.11767,1.11776
EUR/USD,20160729 20:52:51.294,1.11767,1.11776
EUR/USD,20160729 20:52:51.529,1.11767,1.11777
EUR/USD,20160729 20:52:51.530,1.11767,1.11776
EUR/USD,20160729 20:52:51.605,1.11767,1.11776
EUR/USD,20160729 20:52:51.744,1.11767,1.11776
EUR/USD,20160729 20:52:51.963,1.11767,1.11776
EUR/USD,20160729 20:52:51.973,1.11767,1.11776
EUR/USD,20160729 20:52:52.078,1.11768,1.11777
EUR/USD,20160729 20:52:52.208,1.11769,1.11778
EUR/USD,20160729 20:52:52.245,1.11769,1.11778
EUR/USD,20160729 20:52:52.422,1.11769,1.11778
EUR/USD,20160729 20:52:52.663,1.11769,1.11778
EUR/USD,20160729 20:52:52.713,1.11768,1.11777
EUR/USD,20160729 20:52:52.883,1.11768,1.11777
EUR/USD,20160729 20:52:53.124,1.11767,1.11775
EUR/USD,20160729 20:52:53.126,1.11765,1.11774
EUR/USD,20160729 20:52:53.129,1.11765,1.11773
EUR/USD,20160729 20:52:53.134,1.11763,1.11773
EUR/USD,20160729 20:52:53.170,1.11765,1.11775
EUR/USD,20160729 20:52:53.326,1.11764,1.11774
EUR/USD,20160729 20:52:53.327,1.11763,1.11773
EUR/USD,20160729 20:52:53.362,1.11763,1.11773
EUR/USD,20160729 20:52:53.550,1.11763,1.11773
EUR/USD,20160729 20:52:54.108,1.11763,1.11773
EUR/USD,20160729 20:52:56.284,1.11763,1.11773
EUR/USD,20160729 20:52:56.771,1.11773,1.11774
EUR/USD,20160729 20:52:56.773,1.11773,1.11775
EUR/USD,20160729 20:52:56.774,1.11773,1.11777
EUR/USD,20160729 20:52:56.775,1.11773,1.11777
EUR/USD,20160729 20:52:56.777,1.11773,1.11778
EUR/USD,20160729 20:52:56.807,1.11766,1.11776
EUR/USD,20160729 20:52:56.962,1.11766,1.11775
EUR/USD,20160729 20:52:57.010,1.11765,1.11774
EUR/USD,20160729 20:52:57.167,1.11765,1.11774
EUR/USD,20160729 20:52:57.209,1.11765,1.11773
EUR/USD,20160729 20:52:57.218,1.11763,1.11773
EUR/USD,20160729 20:52:57.367,1.11763,1.11772
EUR/USD,20160729 20:52:57.431,1.11763,1.11772
EUR/USD,20160729 20:52:57.580,1.11763,1.11772
EUR/USD,20160729 20:52:57.807,1.11763,1.11772
EUR/USD,20160729 20:52:58.024,1.11763,1.11772
EUR/USD,20160729 20:52:58.052,1.11763,1.11772
EUR/USD,20160729 20:52:58.257,1.11763,1.11772
EUR/USD,20160729 20:52:58.294,1.11763,1.11772
EUR/USD,20160729 20:52:58.465,1.11763,1.11772
EUR/USD,20160729 20:52:59.012,1.11763,1.11772
EUR/USD,20160729 20:52:59.593,1.11763,1.11772
EUR/USD,20160729 20:53:00.089,1.11763,1.11772
EUR/USD,20160729 20:53:01.272,1.11763,1.11772
EUR/USD,20160729 20:53:02.164,1.11763,1.11772
EUR/USD,20160729 20:53:02.436,1.11764,1.11773
EUR/USD,20160729 20:53:02.598,1.11764,1.11773
EUR/USD,20160729 20:53:03.035,1.11764,1.11772
EUR/USD,20160729 20:53:03.036,1.11763,1.11772
EUR/USD,20160729 20:53:03.037,1.11764,1.11772
EUR/USD,20160729 20:53:03.250,1.11764,1.11772
EUR/USD,20160729 20:53:03.253,1.11764,1.1177
EUR/USD,20160729 20:53:03.254,1.11761,1.1177
EUR/USD,20160729 20:53:03.262,1.1176,1.11769
EUR/USD,20160729 20:53:03.274,1.1176,1.1177
EUR/USD,20160729 20:53:03.435,1.1176,1.1177
EUR/USD,20160729 20:53:03.438,1.11761,1.11771
EUR/USD,20160729 20:53:03.642,1.11761,1.11771
EUR/USD,20160729 20:53:03.679,1.11761,1.11771
EUR/USD,20160729 20:53:04.056,1.11761,1.11771
EUR/USD,20160729 20:53:04.255,1.11763,1.11774
EUR/USD,20160729 20:53:04.257,1.11764,1.11775
EUR/USD,20160729 20:53:04.258,1.11765,1.11775
EUR/USD,20160729 20:53:04.260,1.11765,1.11776
EUR/USD,20160729 20:53:04.261,1.11765,1.11775
EUR/USD,20160729 20:53:04.265,1.11764,1.11774
EUR/USD,20160729 20:53:04.315,1.11765,1.11776
EUR/USD,20160729 20:53:04.327,1.11765,1.11775
EUR/USD,20160729 20:53:04.453,1.11765,1.11775
EUR/USD,20160729 20:53:04.506,1.11763,1.11773
EUR/USD,20160729 20:53:04.661,1.11763,1.11774
EUR/USD,20160729 20:53:04.715,1.11764,1.11775
EUR/USD,20160729 20:53:04.855,1.11764,1.11774
EUR/USD,20160729 20:53:04.862,1.11764,1.11775
EUR/USD,20160729 20:53:05.080,1.11764,1.11775
EUR/USD,20160729 20:53:05.081,1.11764,1.11775
EUR/USD,20160729 20:53:05.434,1.11764,1.11775
EUR/USD,20160729 20:53:05.777,1.11763,1.11773
EUR/USD,20160729 20:53:05.994,1.11762,1.11772
EUR/USD,20160729 20:53:06.029,1.11762,1.11772
EUR/USD,20160729 20:53:06.218,1.11762,1.11772
EUR/USD,20160729 20:53:06.269,1.11762,1.11772
EUR/USD,20160729 20:53:06.429,1.11762,1.11772
EUR/USD,20160729 20:53:06.976,1.11762,1.11772
EUR/USD,20160729 20:53:07.093,1.11762,1.11772
EUR/USD,20160729 20:53:07.211,1.11762,1.11772
EUR/USD,20160729 20:53:08.068,1.11762,1.11772
EUR/USD,20160729 20:53:09.462,1.11763,1.11773
EUR/USD,20160729 20:53:09.527,1.11764,1.11775
EUR/USD,20160729 20:53:09.546,1.11765,1.11775
EUR/USD,20160729 20:53:09.663,1.11766,1.11775
EUR/USD,20160729 20:53:09.664,1.11767,1.11776
EUR/USD,20160729 20:53:09.667,1.11768,1.11777
EUR/USD,20160729 20:53:09.731,1.11767,1.11777
EUR/USD,20160729 20:53:09.856,1.11767,1.11776
EUR/USD,20160729 20:53:09.878,1.11766,1.11775
EUR/USD,20160729 20:53:10.044,1.11766,1.11775
EUR/USD,20160729 20:53:10.125,1.11766,1.11775
EUR/USD,20160729 20:53:10.681,1.11766,1.11775
EUR/USD,20160729 20:53:10.885,1.11766,1.11775
EUR/USD,20160729 20:53:11.103,1.11767,1.11776
EUR/USD,20160729 20:53:11.104,1.11768,1.11778
EUR/USD,20160729 20:53:11.123,1.11768,1.11777
EUR/USD,20160729 20:53:11.333,1.11768,1.11777
EUR/USD,20160729 20:53:11.371,1.11768,1.11777
EUR/USD,20160729 20:53:11.387,1.1177,1.11777
EUR/USD,20160729 20:53:11.399,1.1177,1.11778
EUR/USD,20160729 20:53:11.413,1.1177,1.11778
EUR/USD,20160729 20:53:11.536,1.1177,1.11779
EUR/USD,20160729 20:53:11.537,1.11771,1.1178
EUR/USD,20160729 20:53:11.538,1.11772,1.1178
EUR/USD,20160729 20:53:11.539,1.11773,1.11781
EUR/USD,20160729 20:53:11.544,1.11774,1.11781
EUR/USD,20160729 20:53:11.555,1.11771,1.1178
EUR/USD,20160729 20:53:11.621,1.11772,1.11781
EUR/USD,20160729 20:53:11.745,1.11773,1.11782
EUR/USD,20160729 20:53:11.787,1.11773,1.11782
EUR/USD,20160729 20:53:11.940,1.11773,1.11782
EUR/USD,20160729 20:53:12.131,1.11773,1.11782
EUR/USD,20160729 20:53:12.204,1.11773,1.11782
EUR/USD,20160729 20:53:12.572,1.11774,1.11783
EUR/USD,20160729 20:53:13.216,1.11774,1.11783
EUR/USD,20160729 20:53:13.668,1.11774,1.11783
EUR/USD,20160729 20:53:14.202,1.11774,1.11783
EUR/USD,20160729 20:53:14.443,1.11774,1.11783
EUR/USD,20160729 20:53:14.578,1.11774,1.11783
EUR/USD,20160729 20:53:14.795,1.11774,1.11783
EUR/USD,20160729 20:53:15.294,1.11774,1.11783
EUR/USD,20160729 20:53:16.252,1.11774,1.11783
EUR/USD,20160729 20:53:17.208,1.11774,1.11783
EUR/USD,20160729 20:53:17.881,1.11775,1.11784
EUR/USD,20160729 20:53:17.896,1.11775,1.11785
EUR/USD,20160729 20:53:17.919,1.11774,1.11784
EUR/USD,20160729 20:53:18.043,1.11775,1.11784
EUR/USD,20160729 20:53:18.045,1.1178,1.11787
EUR/USD,20160729 20:53:18.046,1.11778,1.11789
EUR/USD,20160729 20:53:18.048,1.11778,1.11789
EUR/USD,20160729 20:53:18.049,1.11778,1.1179
EUR/USD,20160729 20:53:18.053,1.11776,1.11788
EUR/USD,20160729 20:53:18.069,1.11775,1.11789
EUR/USD,20160729 20:53:18.081,1.11775,1.11788
EUR/USD,20160729 20:53:18.094,1.11774,1.11788
EUR/USD,20160729 20:53:18.118,1.11774,1.11787
EUR/USD,20160729 20:53:18.128,1.11773,1.11785
EUR/USD,20160729 20:53:18.239,1.11772,1.11784
EUR/USD,20160729 20:53:18.241,1.11772,1.11785
EUR/USD,20160729 20:53:18.288,1.1177,1.11783
EUR/USD,20160729 20:53:18.314,1.11771,1.11784
EUR/USD,20160729 20:53:18.432,1.11769,1.11782
EUR/USD,20160729 20:53:18.437,1.11771,1.11783
EUR/USD,20160729 20:53:18.438,1.1177,1.11783
EUR/USD,20160729 20:53:18.440,1.11772,1.11784
EUR/USD,20160729 20:53:18.441,1.11769,1.11785
EUR/USD,20160729 20:53:18.442,1.11768,1.11783
EUR/USD,20160729 20:53:18.475,1.11766,1.11782
EUR/USD,20160729 20:53:18.490,1.11768,1.11783
EUR/USD,20160729 20:53:18.512,1.11767,1.11783
EUR/USD,20160729 20:53:18.642,1.11766,1.11782
EUR/USD,20160729 20:53:18.643,1.11767,1.11783
EUR/USD,20160729 20:53:18.644,1.11768,1.11783
EUR/USD,20160729 20:53:18.656,1.11769,1.11784
EUR/USD,20160729 20:53:18.718,1.11769,1.11783
EUR/USD,20160729 20:53:18.738,1.11769,1.11784
EUR/USD,20160729 20:53:18.863,1.11768,1.11783
EUR/USD,20160729 20:53:18.918,1.11768,1.11783
EUR/USD,20160729 20:53:19.066,1.11767,1.11782
EUR/USD,20160729 20:53:19.068,1.11767,1.11781
EUR/USD,20160729 20:53:19.118,1.11767,1.11782
EUR/USD,20160729 20:53:19.285,1.11776,1.11786
EUR/USD,20160729 20:53:19.287,1.11778,1.1179
EUR/USD,20160729 20:53:19.290,1.11779,1.11791
EUR/USD,20160729 20:53:19.319,1.11779,1.11788
EUR/USD,20160729 20:53:19.344,1.11777,1.11788
EUR/USD,20160729 20:53:19.460,1.11778,1.11789
EUR/USD,20160729 20:53:19.462,1.11778,1.11788
EUR/USD,20160729 20:53:19.463,1.11776,1.11787
EUR/USD,20160729 20:53:19.464,1.11776,1.11786
EUR/USD,20160729 20:53:19.491,1.11776,1.11785
EUR/USD,20160729 20:53:19.552,1.11775,1.11785
EUR/USD,20160729 20:53:19.670,1.11774,1.11784
EUR/USD,20160729 20:53:19.671,1.11773,1.11785
EUR/USD,20160729 20:53:19.676,1.11773,1.11786
EUR/USD,20160729 20:53:19.685,1.11773,1.11785
EUR/USD,20160729 20:53:19.863,1.11773,1.11785
EUR/USD,20160729 20:53:19.925,1.11773,1.11785
EUR/USD,20160729 20:53:20.074,1.11773,1.11785
EUR/USD,20160729 20:53:20.144,1.11774,1.11785
EUR/USD,20160729 20:53:20.321,1.11775,1.11785
EUR/USD,20160729 20:53:20.348,1.11775,1.11786
EUR/USD,20160729 20:53:20.533,1.11775,1.11786
EUR/USD,20160729 20:53:20.579,1.11775,1.11786
EUR/USD,20160729 20:53:20.818,1.11775,1.11786
EUR/USD,20160729 20:53:20.994,1.11775,1.11785
EUR/USD,20160729 20:53:20.995,1.11775,1.11785
EUR/USD,20160729 20:53:21.100,1.11775,1.11785
EUR/USD,20160729 20:53:21.211,1.11774,1.11785
EUR/USD,20160729 20:53:21.218,1.11775,1.11785
EUR/USD,20160729 20:53:21.430,1.11775,1.11785
EUR/USD,20160729 20:53:21.431,1.11774,1.11785
EUR/USD,20160729 20:53:21.432,1.11775,1.11785
EUR/USD,20160729 20:53:21.978,1.11775,1.11786
EUR/USD,20160729 20:53:22.133,1.11775,1.11786
EUR/USD,20160729 20:53:22.906,1.11778,1.11789
EUR/USD,20160729 20:53:23.042,1.11779,1.1179
EUR/USD,20160729 20:53:23.136,1.11779,1.1179
EUR/USD,20160729 20:53:23.467,1.11779,1.1179
EUR/USD,20160729 20:53:23.725,1.11779,1.1179
EUR/USD,20160729 20:53:24.148,1.11779,1.1179
EUR/USD,20160729 20:53:24.920,1.1178,1.1179
EUR/USD,20160729 20:53:25.053,1.11779,1.11789
EUR/USD,20160729 20:53:25.055,1.11778,1.11789
EUR/USD,20160729 20:53:25.067,1.11779,1.11791
EUR/USD,20160729 20:53:25.088,1.11778,1.11789
EUR/USD,20160729 20:53:25.113,1.11777,1.11787
EUR/USD,20160729 20:53:25.126,1.11777,1.11788
EUR/USD,20160729 20:53:25.251,1.11776,1.11787
EUR/USD,20160729 20:53:25.438,1.11776,1.11787
EUR/USD,20160729 20:53:25.479,1.11776,1.11787
EUR/USD,20160729 20:53:25.670,1.11776,1.11787
EUR/USD,20160729 20:53:26.184,1.11776,1.11787
EUR/USD,20160729 20:53:26.560,1.11777,1.11788
EUR/USD,20160729 20:53:26.611,1.11777,1.11788
EUR/USD,20160729 20:53:27.201,1.11777,1.11788
EUR/USD,20160729 20:53:29.392,1.11778,1.11789
EUR/USD,20160729 20:53:29.407,1.11777,1.11788
EUR/USD,20160729 20:53:29.536,1.11777,1.11788
EUR/USD,20160729 20:53:29.737,1.11777,1.11788
EUR/USD,20160729 20:53:29.939,1.11777,1.11788
EUR/USD,20160729 20:53:30.147,1.11777,1.11788
EUR/USD,20160729 20:53:31.109,1.11783,1.11791
EUR/USD,20160729 20:53:31.230,1.11783,1.11795
EUR/USD,20160729 20:53:31.232,1.11785,1.11795
EUR/USD,20160729 20:53:31.234,1.11783,1.11795
EUR/USD,20160729 20:53:31.238,1.11783,1.11795
EUR/USD,20160729 20:53:31.241,1.11782,1.11795
EUR/USD,20160729 20:53:31.259,1.1178,1.11795
EUR/USD,20160729 20:53:31.268,1.1178,1.11796
EUR/USD,20160729 20:53:31.428,1.1178,1.11795
EUR/USD,20160729 20:53:31.470,1.11781,1.11795
EUR/USD,20160729 20:53:31.481,1.11781,1.11796
EUR/USD,20160729 20:53:31.494,1.11781,1.11795
EUR/USD,20160729 20:53:31.627,1.11779,1.11794
EUR/USD,20160729 20:53:31.629,1.11781,1.11794
EUR/USD,20160729 20:53:31.630,1.11779,1.11794
EUR/USD,20160729 20:53:31.632,1.1178,1.11794
EUR/USD,20160729 20:53:31.633,1.11778,1.11794
EUR/USD,20160729 20:53:31.649,1.1178,1.11794
EUR/USD,20160729 20:53:31.834,1.1178,1.11794
EUR/USD,20160729 20:53:32.119,1.1178,1.11794
EUR/USD,20160729 20:53:32.286,1.11778,1.11794
EUR/USD,20160729 20:53:32.321,1.11779,1.11794
EUR/USD,20160729 20:53:32.364,1.1178,1.11795
EUR/USD,20160729 20:53:32.488,1.11781,1.11795
EUR/USD,20160729 20:53:32.493,1.11781,1.11793
EUR/USD,20160729 20:53:32.495,1.1178,1.11793
EUR/USD,20160729 20:53:32.496,1.11779,1.11793
EUR/USD,20160729 20:53:32.497,1.11778,1.11791
EUR/USD,20160729 20:53:32.502,1.11777,1.11791
EUR/USD,20160729 20:53:32.517,1.11777,1.11792
EUR/USD,20160729 20:53:32.528,1.11777,1.11791
EUR/USD,20160729 20:53:32.539,1.11776,1.11791
EUR/USD,20160729 20:53:32.550,1.11777,1.11792
EUR/USD,20160729 20:53:32.698,1.11776,1.11792
EUR/USD,20160729 20:53:32.701,1.11776,1.11791
EUR/USD,20160729 20:53:32.715,1.11775,1.1179
EUR/USD,20160729 20:53:32.726,1.11775,1.11791
EUR/USD,20160729 20:53:32.885,1.11776,1.11792
EUR/USD,20160729 20:53:32.923,1.11775,1.11791
EUR/USD,20160729 20:53:33.080,1.11775,1.1179
EUR/USD,20160729 20:53:33.082,1.11776,1.1179
EUR/USD,20160729 20:53:33.085,1.11776,1.11789
EUR/USD,20160729 20:53:33.088,1.11776,1.11791
EUR/USD,20160729 20:53:33.096,1.11776,1.11789
EUR/USD,20160729 20:53:33.120,1.11776,1.11791
EUR/USD,20160729 20:53:33.189,1.11777,1.11791
EUR/USD,20160729 20:53:33.312,1.11776,1.11791
EUR/USD,20160729 20:53:33.317,1.11775,1.11791
EUR/USD,20160729 20:53:33.366,1.11776,1.11792
EUR/USD,20160729 20:53:33.489,1.11776,1.11791
EUR/USD,20160729 20:53:33.494,1.11776,1.11792
EUR/USD,20160729 20:53:33.495,1.11777,1.11792
EUR/USD,20160729 20:53:33.573,1.11777,1.11792
EUR/USD,20160729 20:53:33.696,1.11777,1.11792
EUR/USD,20160729 20:53:33.813,1.11777,1.11792
EUR/USD,20160729 20:53:34.293,1.11777,1.11792
EUR/USD,20160729 20:53:34.435,1.11777,1.11792
EUR/USD,20160729 20:53:34.917,1.11778,1.11792
EUR/USD,20160729 20:53:35.092,1.11778,1.11792
EUR/USD,20160729 20:53:35.413,1.11777,1.11794
EUR/USD,20160729 20:53:35.538,1.11778,1.11794
EUR/USD,20160729 20:53:35.540,1.11777,1.11793
EUR/USD,20160729 20:53:35.542,1.11776,1.11794
EUR/USD,20160729 20:53:35.543,1.11775,1.11794
EUR/USD,20160729 20:53:35.587,1.11775,1.11793
EUR/USD,20160729 20:53:35.752,1.11776,1.11794
EUR/USD,20160729 20:53:35.827,1.11776,1.11794
EUR/USD,20160729 20:53:36.064,1.11776,1.11794
EUR/USD,20160729 20:53:36.190,1.11776,1.11794
EUR/USD,20160729 20:53:36.420,1.11776,1.11793
EUR/USD,20160729 20:53:36.432,1.11776,1.11793
EUR/USD,20160729 20:53:36.467,1.11778,1.11793
EUR/USD,20160729 20:53:36.492,1.11779,1.11796
EUR/USD,20160729 20:53:36.624,1.11779,1.11793
EUR/USD,20160729 20:53:36.625,1.11777,1.11793
EUR/USD,20160729 20:53:36.626,1.11778,1.11794
EUR/USD,20160729 20:53:36.627,1.11778,1.11793
EUR/USD,20160729 20:53:36.629,1.11778,1.11794
EUR/USD,20160729 20:53:36.630,1.11778,1.11793
EUR/USD,20160729 20:53:36.651,1.11778,1.11792
EUR/USD,20160729 20:53:36.719,1.11778,1.11793
EUR/USD,20160729 20:53:36.846,1.11778,1.11793
EUR/USD,20160729 20:53:37.282,1.11778,1.11793
EUR/USD,20160729 20:53:37.319,1.11778,1.11793
EUR/USD,20160729 20:53:37.343,1.11779,1.11793
EUR/USD,20160729 20:53:37.476,1.11779,1.11794
EUR/USD,20160729 20:53:37.481,1.11779,1.11793
EUR/USD,20160729 20:53:37.692,1.11779,1.11793
EUR/USD,20160729 20:53:38.119,1.11785,1.11797
EUR/USD,20160729 20:53:38.131,1.11784,1.11795
EUR/USD,20160729 20:53:38.135,1.11783,1.11795
EUR/USD,20160729 20:53:38.157,1.11781,1.11795
EUR/USD,20160729 20:53:38.311,1.11781,1.11794
EUR/USD,20160729 20:53:38.492,1.11781,1.11794
EUR/USD,20160729 20:53:38.493,1.11781,1.11793
EUR/USD,20160729 20:53:38.495,1.1178,1.11793
EUR/USD,20160729 20:53:38.501,1.11781,1.11792
EUR/USD,20160729 20:53:38.510,1.1178,1.11792
EUR/USD,20160729 20:53:38.528,1.1178,1.11793
EUR/USD,20160729 20:53:38.539,1.11781,1.11793
EUR/USD,20160729 20:53:38.552,1.11781,1.11794
EUR/USD,20160729 20:53:38.563,1.1178,1.11793
EUR/USD,20160729 20:53:38.690,1.11781,1.11793
EUR/USD,20160729 20:53:38.691,1.11781,1.11794
EUR/USD,20160729 20:53:38.726,1.11781,1.11793
EUR/USD,20160729 20:53:38.905,1.11781,1.11792
EUR/USD,20160729 20:53:38.906,1.11781,1.11791
EUR/USD,20160729 20:53:38.908,1.1178,1.11793
EUR/USD,20160729 20:53:39.094,1.1178,1.11792
EUR/USD,20160729 20:53:39.613,1.11779,1.11791
EUR/USD,20160729 20:53:39.786,1.1178,1.11791
EUR/USD,20160729 20:53:39.817,1.11779,1.11792
EUR/USD,20160729 20:53:39.843,1.11778,1.11791
EUR/USD,20160729 20:53:39.991,1.1178,1.11793
EUR/USD,20160729 20:53:39.993,1.11781,1.11793
EUR/USD,20160729 20:53:39.994,1.11782,1.11793
EUR/USD,20160729 20:53:39.996,1.11782,1.11794
EUR/USD,20160729 20:53:40.225,1.11781,1.11794
EUR/USD,20160729 20:53:40.237,1.11781,1.11794
EUR/USD,20160729 20:53:40.449,1.11781,1.11794
EUR/USD,20160729 20:53:41.143,1.11783,1.11794
EUR/USD,20160729 20:53:41.166,1.11783,1.11794
EUR/USD,20160729 20:53:41.849,1.11782,1.11794
EUR/USD,20160729 20:53:41.927,1.11782,1.11794
EUR/USD,20160729 20:53:41.939,1.11781,1.11793
EUR/USD,20160729 20:53:42.075,1.11783,1.11793
EUR/USD,20160729 20:53:42.180,1.11783,1.11794
EUR/USD,20160729 20:53:42.506,1.11783,1.11795
EUR/USD,20160729 20:53:42.507,1.11784,1.11795
EUR/USD,20160729 20:53:42.516,1.11785,1.11797
EUR/USD,20160729 20:53:42.709,1.11786,1.11796
EUR/USD,20160729 20:53:42.710,1.11785,1.11796
EUR/USD,20160729 20:53:42.713,1.11784,1.11794
EUR/USD,20160729 20:53:42.745,1.11781,1.11794
EUR/USD,20160729 20:53:42.757,1.11782,1.11794
EUR/USD,20160729 20:53:42.910,1.11782,1.11794
EUR/USD,20160729 20:53:42.915,1.11781,1.11793
EUR/USD,20160729 20:53:43.098,1.11781,1.11793
EUR/USD,20160729 20:53:43.566,1.11782,1.11794
EUR/USD,20160729 20:53:43.641,1.11782,1.11794
EUR/USD,20160729 20:53:44.255,1.11781,1.11793
EUR/USD,20160729 20:53:44.296,1.11781,1.11793
EUR/USD,20160729 20:53:45.201,1.11782,1.11794
EUR/USD,20160729 20:53:45.244,1.11782,1.11794
EUR/USD,20160729 20:53:45.412,1.11782,1.11794
EUR/USD,20160729 20:53:45.483,1.11782,1.11794
EUR/USD,20160729 20:53:46.191,1.11782,1.11794
EUR/USD,20160729 20:53:46.349,1.11782,1.11794
EUR/USD,20160729 20:53:46.434,1.11782,1.11794
EUR/USD,20160729 20:53:46.790,1.11783,1.11795
EUR/USD,20160729 20:53:46.835,1.11783,1.11795
EUR/USD,20160729 20:53:47.245,1.11783,1.11795
EUR/USD,20160729 20:53:47.298,1.11783,1.11795
EUR/USD,20160729 20:53:47.475,1.11782,1.11794
EUR/USD,20160729 20:53:47.536,1.11781,1.11793
EUR/USD,20160729 20:53:47.550,1.1178,1.11792
EUR/USD,20160729 20:53:47.678,1.11782,1.11793
EUR/USD,20160729 20:53:47.682,1.11781,1.11793
EUR/USD,20160729 20:53:47.683,1.1178,1.11792
EUR/USD,20160729 20:53:47.879,1.1178,1.11792
EUR/USD,20160729 20:53:47.902,1.1178,1.11792
EUR/USD,20160729 20:53:48.062,1.1178,1.11791
EUR/USD,20160729 20:53:48.075,1.1178,1.11791
EUR/USD,20160729 20:53:48.269,1.11781,1.11792
EUR/USD,20160729 20:53:48.337,1.11781,1.11792
EUR/USD,20160729 20:53:48.903,1.11781,1.11792
EUR/USD,20160729 20:53:49.088,1.11782,1.11792
EUR/USD,20160729 20:53:49.089,1.11781,1.11791
EUR/USD,20160729 20:53:49.090,1.1178,1.11792
EUR/USD,20160729 20:53:49.091,1.11781,1.11792
EUR/USD,20160729 20:53:49.191,1.11781,1.11792
EUR/USD,20160729 20:53:49.533,1.11779,1.1179
EUR/USD,20160729 20:53:49.539,1.11778,1.1179
EUR/USD,20160729 20:53:49.746,1.11778,1.1179
EUR/USD,20160729 20:53:49.749,1.11779,1.1179
EUR/USD,20160729 20:53:49.958,1.11779,1.1179
EUR/USD,20160729 20:53:50.196,1.11779,1.1179
EUR/USD,20160729 20:53:50.231,1.11779,1.11789
EUR/USD,20160729 20:53:50.400,1.11779,1.11789
EUR/USD,20160729 20:53:50.472,1.11779,1.11789
EUR/USD,20160729 20:53:50.692,1.11779,1.11788
EUR/USD,20160729 20:53:50.820,1.11779,1.11787
EUR/USD,20160729 20:53:50.839,1.11779,1.11787
EUR/USD,20160729 20:53:51.001,1.11779,1.11787
EUR/USD,20160729 20:53:51.095,1.11778,1.11786
EUR/USD,20160729 20:53:51.219,1.11778,1.11786
EUR/USD,20160729 20:53:51.415,1.11778,1.11786
EUR/USD,20160729 20:53:51.419,1.11778,1.11787
EUR/USD,20160729 20:53:51.590,1.11778,1.11787
EUR/USD,20160729 20:53:51.638,1.11778,1.11787
EUR/USD,20160729 20:53:51.807,1.11778,1.11787
EUR/USD,20160729 20:53:52.097,1.11778,1.11787
EUR/USD,20160729 20:53:52.671,1.11777,1.11786
EUR/USD,20160729 20:53:52.672,1.11777,1.11787
EUR/USD,20160729 20:53:52.873,1.11777,1.11787
EUR/USD,20160729 20:53:53.138,1.11777,1.11787
EUR/USD,20160729 20:53:53.332,1.11777,1.11787
EUR/USD,20160729 20:53:54.733,1.11778,1.1179
EUR/USD,20160729 20:53:54.808,1.11778,1.11791
EUR/USD,20160729 20:53:54.939,1.11778,1.11791
EUR/USD,20160729 20:53:54.954,1.11778,1.1179
EUR/USD,20160729 20:53:54.967,1.11777,1.11789
EUR/USD,20160729 20:53:54.978,1.11779,1.11789
EUR/USD,20160729 20:53:54.990,1.11778,1.1179
EUR/USD,20160729 20:53:55.115,1.11778,1.1179
EUR/USD,20160729 20:53:55.518,1.11777,1.1179
EUR/USD,20160729 20:53:55.520,1.11778,1.1179
EUR/USD,20160729 20:53:55.521,1.11778,1.11789
EUR/USD,20160729 20:53:55.525,1.11777,1.11789
EUR/USD,20160729 20:53:55.731,1.11777,1.11789
EUR/USD,20160729 20:53:55.740,1.11778,1.11789
EUR/USD,20160729 20:53:55.754,1.11778,1.11788
EUR/USD,20160729 20:53:55.803,1.11777,1.11788
EUR/USD,20160729 20:53:55.953,1.11777,1.11788
EUR/USD,20160729 20:53:55.959,1.11778,1.11789
EUR/USD,20160729 20:53:56.136,1.11778,1.11789
EUR/USD,20160729 20:53:56.189,1.11778,1.11789
EUR/USD,20160729 20:53:56.344,1.11778,1.1179
EUR/USD,20160729 20:53:56.514,1.11778,1.11791
EUR/USD,20160729 20:53:56.537,1.11778,1.11791
EUR/USD,20160729 20:53:56.936,1.11779,1.11791
EUR/USD,20160729 20:53:57.111,1.11779,1.11791
EUR/USD,20160729 20:53:57.173,1.11779,1.11791
EUR/USD,20160729 20:53:57.746,1.11779,1.11791
EUR/USD,20160729 20:53:58.016,1.11779,1.11791
EUR/USD,20160729 20:53:58.414,1.11777,1.1179
EUR/USD,20160729 20:53:58.573,1.11777,1.11789
EUR/USD,20160729 20:53:58.630,1.11778,1.1179
EUR/USD,20160729 20:53:58.653,1.11777,1.1179
EUR/USD,20160729 20:53:58.784,1.11777,1.1179
EUR/USD,20160729 20:53:58.985,1.11777,1.1179
EUR/USD,20160729 20:53:58.986,1.11777,1.1179
EUR/USD,20160729 20:53:58.987,1.11777,1.11788
EUR/USD,20160729 20:53:59.183,1.11777,1.11788
EUR/USD,20160729 20:53:59.197,1.11777,1.11788
EUR/USD,20160729 20:53:59.403,1.11777,1.11788
EUR/USD,20160729 20:53:59.438,1.11777,1.11788
EUR/USD,20160729 20:53:59.600,1.11776,1.11787
EUR/USD,20160729 20:53:59.610,1.11776,1.11785
EUR/USD,20160729 20:53:59.634,1.11776,1.11783
EUR/USD,20160729 20:53:59.798,1.11776,1.11782
EUR/USD,20160729 20:53:59.844,1.11776,1.11782
EUR/USD,20160729 20:54:00.313,1.11776,1.11781
EUR/USD,20160729 20:54:00.441,1.11776,1.11781
EUR/USD,20160729 20:54:00.643,1.11776,1.11781
EUR/USD,20160729 20:54:00.681,1.11776,1.11781
EUR/USD,20160729 20:54:00.867,1.11776,1.1178
EUR/USD,20160729 20:54:01.058,1.11776,1.1178
EUR/USD,20160729 20:54:01.131,1.11776,1.1178
EUR/USD,20160729 20:54:01.271,1.11776,1.1178
EUR/USD,20160729 20:54:01.320,1.11776,1.11781
EUR/USD,20160729 20:54:02.165,1.11776,1.11781
EUR/USD,20160729 20:54:02.836,1.11776,1.11782
EUR/USD,20160729 20:54:03.029,1.11776,1.11782
EUR/USD,20160729 20:54:03.113,1.11776,1.11782
EUR/USD,20160729 20:54:03.482,1.11776,1.11781
EUR/USD,20160729 20:54:03.530,1.11776,1.1178
EUR/USD,20160729 20:54:03.675,1.11776,1.11779
EUR/USD,20160729 20:54:03.676,1.11772,1.11778
EUR/USD,20160729 20:54:03.678,1.1177,1.11778
EUR/USD,20160729 20:54:03.688,1.1177,1.11777
EUR/USD,20160729 20:54:03.746,1.1177,1.11778
EUR/USD,20160729 20:54:03.869,1.1177,1.11779
EUR/USD,20160729 20:54:03.952,1.1177,1.11779
EUR/USD,20160729 20:54:04.085,1.1177,1.1178
EUR/USD,20160729 20:54:04.282,1.1177,1.1178
EUR/USD,20160729 20:54:04.285,1.1177,1.11781
EUR/USD,20160729 20:54:04.289,1.1177,1.1178
EUR/USD,20160729 20:54:04.319,1.1177,1.11781
EUR/USD,20160729 20:54:04.494,1.1177,1.11781
EUR/USD,20160729 20:54:04.561,1.1177,1.11781
EUR/USD,20160729 20:54:04.722,1.1177,1.11781
EUR/USD,20160729 20:54:04.949,1.1177,1.11781
EUR/USD,20160729 20:54:05.145,1.1177,1.11781
EUR/USD,20160729 20:54:06.208,1.1177,1.11781
EUR/USD,20160729 20:54:06.571,1.1177,1.11781
EUR/USD,20160729 20:54:06.729,1.1177,1.1178
EUR/USD,20160729 20:54:06.753,1.1177,1.1178
EUR/USD,20160729 20:54:06.943,1.1177,1.1178
EUR/USD,20160729 20:54:06.980,1.11766,1.1178
EUR/USD,20160729 20:54:06.993,1.11768,1.1178
EUR/USD,20160729 20:54:07.007,1.11768,1.11779
EUR/USD,20160729 20:54:07.139,1.11768,1.11779
EUR/USD,20160729 20:54:07.343,1.11768,1.11779
EUR/USD,20160729 20:54:07.359,1.11768,1.11779
EUR/USD,20160729 20:54:07.394,1.11768,1.1178
EUR/USD,20160729 20:54:07.539,1.11768,1.1178
EUR/USD,20160729 20:54:08.932,1.11768,1.1178
EUR/USD,20160729 20:54:08.970,1.11768,1.11779
EUR/USD,20160729 20:54:09.143,1.11768,1.11781
EUR/USD,20160729 20:54:09.144,1.11768,1.11779
EUR/USD,20160729 20:54:09.145,1.11768,1.1178
EUR/USD,20160729 20:54:09.257,1.11768,1.1178
EUR/USD,20160729 20:54:09.458,1.11768,1.11779
EUR/USD,20160729 20:54:09.481,1.11768,1.1178
EUR/USD,20160729 20:54:09.630,1.11768,1.1178
EUR/USD,20160729 20:54:09.716,1.11768,1.1178
EUR/USD,20160729 20:54:09.894,1.11768,1.11781
EUR/USD,20160729 20:54:09.928,1.11768,1.11781
EUR/USD,20160729 20:54:10.086,1.11768,1.1178
EUR/USD,20160729 20:54:10.098,1.11768,1.1178
EUR/USD,20160729 20:54:10.561,1.11768,1.1178
EUR/USD,20160729 20:54:10.716,1.11768,1.11779
EUR/USD,20160729 20:54:10.932,1.11768,1.11779
EUR/USD,20160729 20:54:10.961,1.11768,1.11779
EUR/USD,20160729 20:54:11.303,1.11768,1.11779
EUR/USD,20160729 20:54:11.711,1.11768,1.11779
EUR/USD,20160729 20:54:12.126,1.11768,1.1178
EUR/USD,20160729 20:54:12.131,1.11768,1.1178
EUR/USD,20160729 20:54:12.327,1.11768,1.11779
EUR/USD,20160729 20:54:12.337,1.11768,1.11779
EUR/USD,20160729 20:54:13.260,1.11768,1.1178
EUR/USD,20160729 20:54:13.271,1.11768,1.1178
EUR/USD,20160729 20:54:13.463,1.11768,1.1178
EUR/USD,20160729 20:54:13.470,1.11768,1.11779
EUR/USD,20160729 20:54:13.684,1.11768,1.11779
EUR/USD,20160729 20:54:13.716,1.11768,1.1178
EUR/USD,20160729 20:54:13.740,1.11768,1.11779
EUR/USD,20160729 20:54:13.890,1.11768,1.11779
EUR/USD,20160729 20:54:14.373,1.11768,1.1178
EUR/USD,20160729 20:54:14.503,1.11767,1.1178
EUR/USD,20160729 20:54:14.514,1.11767,1.11782
EUR/USD,20160729 20:54:14.706,1.11767,1.11782
EUR/USD,20160729 20:54:14.719,1.11767,1.1178
EUR/USD,20160729 20:54:14.916,1.11767,1.1178
EUR/USD,20160729 20:54:14.959,1.11767,1.1178
EUR/USD,20160729 20:54:15.329,1.11767,1.11781
EUR/USD,20160729 20:54:15.337,1.11767,1.11781
EUR/USD,20160729 20:54:15.395,1.11767,1.11782
EUR/USD,20160729 20:54:15.536,1.11767,1.1178
EUR/USD,20160729 20:54:15.590,1.11767,1.1178
EUR/USD,20160729 20:54:16.200,1.11767,1.1178
EUR/USD,20160729 20:54:17.264,1.11767,1.1178
EUR/USD,20160729 20:54:17.491,1.11767,1.11781
EUR/USD,20160729 20:54:17.504,1.11767,1.1178
EUR/USD,20160729 20:54:17.696,1.11767,1.1178
EUR/USD,20160729 20:54:18.240,1.11768,1.1178
EUR/USD,20160729 20:54:18.362,1.11772,1.11782
EUR/USD,20160729 20:54:18.364,1.11774,1.11782
EUR/USD,20160729 20:54:18.365,1.11769,1.11781
EUR/USD,20160729 20:54:18.366,1.11773,1.11781
EUR/USD,20160729 20:54:18.367,1.11773,1.11783
EUR/USD,20160729 20:54:18.371,1.11773,1.11785
EUR/USD,20160729 20:54:18.373,1.11773,1.11784
EUR/USD,20160729 20:54:18.402,1.11774,1.11785
EUR/USD,20160729 20:54:18.420,1.11774,1.11784
EUR/USD,20160729 20:54:18.557,1.11774,1.11785
EUR/USD,20160729 20:54:18.559,1.11774,1.11784
EUR/USD,20160729 20:54:18.562,1.11774,1.11785
EUR/USD,20160729 20:54:18.646,1.11774,1.11785
EUR/USD,20160729 20:54:18.765,1.11774,1.11785
EUR/USD,20160729 20:54:18.985,1.11774,1.11785
EUR/USD,20160729 20:54:19.010,1.11774,1.11785
EUR/USD,20160729 20:54:19.183,1.11774,1.11785
EUR/USD,20160729 20:54:19.436,1.11772,1.11781
EUR/USD,20160729 20:54:19.438,1.11771,1.11785
EUR/USD,20160729 20:54:19.441,1.1177,1.11784
EUR/USD,20160729 20:54:19.473,1.11771,1.11784
EUR/USD,20160729 20:54:19.624,1.1177,1.11785
EUR/USD,20160729 20:54:19.631,1.1177,1.11785
EUR/USD,20160729 20:54:19.875,1.1177,1.11785
EUR/USD,20160729 20:54:20.331,1.1177,1.11785
EUR/USD,20160729 20:54:20.374,1.1177,1.11783
EUR/USD,20160729 20:54:20.400,1.1177,1.11784
EUR/USD,20160729 20:54:20.415,1.11769,1.11782
EUR/USD,20160729 20:54:20.533,1.1177,1.11783
EUR/USD,20160729 20:54:20.535,1.1177,1.11783
EUR/USD,20160729 20:54:20.537,1.1177,1.11784
EUR/USD,20160729 20:54:20.617,1.1177,1.11784
EUR/USD,20160729 20:54:20.985,1.1177,1.11784
EUR/USD,20160729 20:54:21.219,1.11771,1.11784
EUR/USD,20160729 20:54:21.413,1.11771,1.11784
EUR/USD,20160729 20:54:21.459,1.11771,1.11784
EUR/USD,20160729 20:54:21.608,1.11771,1.11784
EUR/USD,20160729 20:54:21.918,1.11771,1.11785
EUR/USD,20160729 20:54:22.075,1.11771,1.11785
EUR/USD,20160729 20:54:22.158,1.11771,1.11785
EUR/USD,20160729 20:54:22.303,1.11771,1.11785
EUR/USD,20160729 20:54:22.397,1.11772,1.11785
EUR/USD,20160729 20:54:22.536,1.11772,1.11785
EUR/USD,20160729 20:54:25.799,1.11772,1.11785
EUR/USD,20160729 20:54:26.034,1.11773,1.11785
EUR/USD,20160729 20:54:26.036,1.11772,1.11785
EUR/USD,20160729 20:54:26.040,1.11773,1.11786
EUR/USD,20160729 20:54:26.230,1.11773,1.11786
EUR/USD,20160729 20:54:26.237,1.11774,1.11786
EUR/USD,20160729 20:54:26.431,1.11774,1.11786
EUR/USD,20160729 20:54:26.434,1.11773,1.11786
EUR/USD,20160729 20:54:26.619,1.11773,1.11786
EUR/USD,20160729 20:54:26.621,1.1177,1.11783
EUR/USD,20160729 20:54:26.622,1.11769,1.11782
EUR/USD,20160729 20:54:26.624,1.11771,1.11782
EUR/USD,20160729 20:54:26.625,1.1177,1.11782
EUR/USD,20160729 20:54:26.628,1.11769,1.11781
EUR/USD,20160729 20:54:26.630,1.11765,1.11777
EUR/USD,20160729 20:54:26.655,1.11766,1.11778
EUR/USD,20160729 20:54:26.810,1.11766,1.11777
EUR/USD,20160729 20:54:26.815,1.11767,1.11779
EUR/USD,20160729 20:54:26.818,1.11766,1.11778
EUR/USD,20160729 20:54:26.821,1.11767,1.11779
EUR/USD,20160729 20:54:26.825,1.11766,1.11779
EUR/USD,20160729 20:54:26.873,1.11766,1.11778
EUR/USD,20160729 20:54:27.017,1.11766,1.11778
EUR/USD,20160729 20:54:27.043,1.11766,1.11779
EUR/USD,20160729 20:54:27.070,1.11766,1.11778
EUR/USD,20160729 20:54:27.196,1.11765,1.11777
EUR/USD,20160729 20:54:27.213,1.11766,1.11778
EUR/USD,20160729 20:54:27.391,1.11766,1.11777
EUR/USD,20160729 20:54:27.392,1.11766,1.11778
EUR/USD,20160729 20:54:27.451,1.11766,1.11778
EUR/USD,20160729 20:54:27.603,1.11766,1.11778
EUR/USD,20160729 20:54:27.620,1.11768,1.11779
EUR/USD,20160729 20:54:27.798,1.11769,1.11781
EUR/USD,20160729 20:54:27.804,1.11768,1.11781
EUR/USD,20160729 20:54:27.837,1.11769,1.11782
EUR/USD,20160729 20:54:27.861,1.11769,1.1178
EUR/USD,20160729 20:54:27.874,1.11769,1.11782
EUR/USD,20160729 20:54:28.008,1.11769,1.11782
EUR/USD,20160729 20:54:28.198,1.11769,1.11782
EUR/USD,20160729 20:54:28.201,1.11768,1.11782
EUR/USD,20160729 20:54:28.203,1.11768,1.11781
EUR/USD,20160729 20:54:28.261,1.11769,1.11781
EUR/USD,20160729 20:54:28.284,1.11768,1.11781
EUR/USD,20160729 20:54:28.415,1.11769,1.11781
EUR/USD,20160729 20:54:28.416,1.11768,1.11781
EUR/USD,20160729 20:54:28.417,1.11769,1.11781
EUR/USD,20160729 20:54:28.418,1.11768,1.11781
EUR/USD,20160729 20:54:28.419,1.11769,1.11781
EUR/USD,20160729 20:54:28.436,1.11768,1.11781
EUR/USD,20160729 20:54:28.460,1.11769,1.11781
EUR/USD,20160729 20:54:28.484,1.11768,1.11781
EUR/USD,20160729 20:54:28.621,1.11769,1.11781
EUR/USD,20160729 20:54:28.622,1.11768,1.11781
EUR/USD,20160729 20:54:28.623,1.11768,1.11781
EUR/USD,20160729 20:54:28.624,1.11769,1.11781
EUR/USD,20160729 20:54:28.720,1.11768,1.11781
EUR/USD,20160729 20:54:28.954,1.11768,1.11781
EUR/USD,20160729 20:54:30.800,1.11769,1.11781
EUR/USD,20160729 20:54:30.927,1.1177,1.11781
EUR/USD,20160729 20:54:30.930,1.1177,1.11782
EUR/USD,20160729 20:54:30.931,1.11769,1.11782
EUR/USD,20160729 20:54:30.938,1.11769,1.11781
EUR/USD,20160729 20:54:30.964,1.11772,1.11782
EUR/USD,20160729 20:54:31.145,1.11772,1.11782
EUR/USD,20160729 20:54:31.181,1.1177,1.11782
EUR/USD,20160729 20:54:31.354,1.1177,1.11782
EUR/USD,20160729 20:54:31.368,1.1177,1.11781
EUR/USD,20160729 20:54:31.561,1.1177,1.11781
EUR/USD,20160729 20:54:31.602,1.1177,1.11781
EUR/USD,20160729 20:54:31.616,1.1177,1.11782
EUR/USD,20160729 20:54:31.775,1.11772,1.11782
EUR/USD,20160729 20:54:31.822,1.11772,1.11782
EUR/USD,20160729 20:54:32.011,1.11772,1.11782
EUR/USD,20160729 20:54:32.221,1.11772,1.11782
EUR/USD,20160729 20:54:32.436,1.11772,1.11782
EUR/USD,20160729 20:54:32.623,1.11772,1.11782
EUR/USD,20160729 20:54:32.652,1.11772,1.11782
EUR/USD,20160729 20:54:32.838,1.11772,1.11782
EUR/USD,20160729 20:54:32.880,1.11772,1.11782
EUR/USD,20160729 20:54:33.227,1.11772,1.11781
EUR/USD,20160729 20:54:33.302,1.11772,1.11781
EUR/USD,20160729 20:54:33.437,1.11772,1.11782
EUR/USD,20160729 20:54:33.461,1.11772,1.11782
EUR/USD,20160729 20:54:33.919,1.11773,1.11782
EUR/USD,20160729 20:54:33.931,1.11772,1.11785
EUR/USD,20160729 20:54:34.060,1.11772,1.11787
EUR/USD,20160729 20:54:34.094,1.11772,1.11787
EUR/USD,20160729 20:54:34.117,1.11772,1.11786
EUR/USD,20160729 20:54:34.254,1.11772,1.11786
EUR/USD,20160729 20:54:35.191,1.11772,1.11783
EUR/USD,20160729 20:54:35.309,1.11772,1.11783
EUR/USD,20160729 20:54:35.431,1.11772,1.11784
EUR/USD,20160729 20:54:35.647,1.11772,1.11783
EUR/USD,20160729 20:54:35.648,1.11772,1.11784
EUR/USD,20160729 20:54:35.718,1.11772,1.11783
EUR/USD,20160729 20:54:35.741,1.11772,1.11784
EUR/USD,20160729 20:54:35.874,1.11768,1.11785
EUR/USD,20160729 20:54:35.875,1.11768,1.11784
EUR/USD,20160729 20:54:35.876,1.11768,1.11783
EUR/USD,20160729 20:54:35.877,1.11768,1.11784
EUR/USD,20160729 20:54:35.878,1.11768,1.11783
EUR/USD,20160729 20:54:35.899,1.11768,1.11784
EUR/USD,20160729 20:54:35.913,1.11769,1.11785
EUR/USD,20160729 20:54:36.086,1.11769,1.11785
EUR/USD,20160729 20:54:36.087,1.11769,1.11784
EUR/USD,20160729 20:54:36.277,1.11769,1.11784
EUR/USD,20160729 20:54:36.313,1.11769,1.11784
EUR/USD,20160729 20:54:36.507,1.11772,1.11784
EUR/USD,20160729 20:54:36.528,1.11772,1.11784
EUR/USD,20160729 20:54:36.695,1.11772,1.11784
EUR/USD,20160729 20:54:36.928,1.11772,1.11783
EUR/USD,20160729 20:54:36.929,1.11768,1.11783
EUR/USD,20160729 20:54:36.931,1.11769,1.11784
EUR/USD,20160729 20:54:36.939,1.11768,1.11784
EUR/USD,20160729 20:54:36.998,1.11769,1.11784
EUR/USD,20160729 20:54:37.180,1.11769,1.11784
EUR/USD,20160729 20:54:37.343,1.11768,1.11784
EUR/USD,20160729 20:54:37.416,1.11772,1.11784
EUR/USD,20160729 20:54:37.569,1.11772,1.11783
EUR/USD,20160729 20:54:37.571,1.11768,1.11783
EUR/USD,20160729 20:54:37.572,1.11767,1.11782
EUR/USD,20160729 20:54:37.613,1.11766,1.11781
EUR/USD,20160729 20:54:37.627,1.11768,1.11781
EUR/USD,20160729 20:54:37.790,1.11768,1.1178
EUR/USD,20160729 20:54:37.847,1.11767,1.11781
EUR/USD,20160729 20:54:38.059,1.11767,1.11781
EUR/USD,20160729 20:54:38.094,1.11767,1.11781
EUR/USD,20160729 20:54:38.268,1.11771,1.11781
EUR/USD,20160729 20:54:38.271,1.11768,1.11781
EUR/USD,20160729 20:54:38.352,1.11769,1.11781
EUR/USD,20160729 20:54:38.476,1.11768,1.11781
EUR/USD,20160729 20:54:38.503,1.11768,1.11781
EUR/USD,20160729 20:54:38.673,1.11767,1.11781
EUR/USD,20160729 20:54:38.674,1.11768,1.11781
EUR/USD,20160729 20:54:38.676,1.11767,1.11781
EUR/USD,20160729 20:54:38.687,1.11768,1.11781
EUR/USD,20160729 20:54:38.877,1.11768,1.11781
EUR/USD,20160729 20:54:38.927,1.11768,1.11781
EUR/USD,20160729 20:54:38.954,1.11768,1.1178
EUR/USD,20160729 20:54:39.104,1.11768,1.1178
EUR/USD,20160729 20:54:39.118,1.11768,1.11781
EUR/USD,20160729 20:54:39.176,1.11767,1.11781
EUR/USD,20160729 20:54:39.295,1.11768,1.11781
EUR/USD,20160729 20:54:39.322,1.11768,1.11781
EUR/USD,20160729 20:54:39.511,1.11768,1.11781
EUR/USD,20160729 20:54:39.563,1.11768,1.11781
EUR/USD,20160729 20:54:39.713,1.11768,1.11781
EUR/USD,20160729 20:54:39.758,1.11772,1.11781
EUR/USD,20160729 20:54:39.932,1.11772,1.11781
EUR/USD,20160729 20:54:39.999,1.11768,1.11781
EUR/USD,20160729 20:54:40.144,1.11768,1.11781
EUR/USD,20160729 20:54:40.238,1.11768,1.11781
EUR/USD,20160729 20:54:40.476,1.11768,1.11781
EUR/USD,20160729 20:54:40.602,1.11772,1.11781
EUR/USD,20160729 20:54:40.603,1.1177,1.11781
EUR/USD,20160729 20:54:40.617,1.11768,1.11781
EUR/USD,20160729 20:54:40.618,1.11768,1.11781
EUR/USD,20160729 20:54:40.827,1.11767,1.11781
EUR/USD,20160729 20:54:40.830,1.11768,1.11781
EUR/USD,20160729 20:54:40.905,1.11768,1.11781
EUR/USD,20160729 20:54:41.046,1.11767,1.11781
EUR/USD,20160729 20:54:41.098,1.11767,1.11781
EUR/USD,20160729 20:54:41.108,1.11768,1.11781
EUR/USD,20160729 20:54:41.250,1.11768,1.11781
EUR/USD,20160729 20:54:41.466,1.11768,1.11781
EUR/USD,20160729 20:54:41.472,1.11768,1.11781
EUR/USD,20160729 20:54:41.527,1.11767,1.11781
EUR/USD,20160729 20:54:41.543,1.11772,1.11781
EUR/USD,20160729 20:54:41.677,1.11766,1.11781
EUR/USD,20160729 20:54:41.710,1.11767,1.11781
EUR/USD,20160729 20:54:41.891,1.11767,1.11781
EUR/USD,20160729 20:54:41.892,1.11768,1.11781
EUR/USD,20160729 20:54:41.961,1.11766,1.11781
EUR/USD,20160729 20:54:42.125,1.11767,1.11781
EUR/USD,20160729 20:54:42.126,1.11771,1.11781
EUR/USD,20160729 20:54:42.332,1.11771,1.11781
EUR/USD,20160729 20:54:42.333,1.11772,1.11781
EUR/USD,20160729 20:54:42.385,1.11772,1.11781
EUR/USD,20160729 20:54:42.565,1.11768,1.11781
EUR/USD,20160729 20:54:42.597,1.11767,1.11781
EUR/USD,20160729 20:54:42.783,1.11768,1.11781
EUR/USD,20160729 20:54:42.835,1.11766,1.11781
EUR/USD,20160729 20:54:43.040,1.11766,1.11781
EUR/USD,20160729 20:54:43.041,1.11771,1.11781
EUR/USD,20160729 20:54:43.260,1.11772,1.11781
EUR/USD,20160729 20:54:43.315,1.11772,1.11781
EUR/USD,20160729 20:54:43.499,1.1177,1.11781
EUR/USD,20160729 20:54:43.500,1.11767,1.11781
EUR/USD,20160729 20:54:43.524,1.11767,1.11781
EUR/USD,20160729 20:54:43.707,1.11768,1.11781
EUR/USD,20160729 20:54:43.734,1.11768,1.11781
EUR/USD,20160729 20:54:43.771,1.11767,1.11781
EUR/USD,20160729 20:54:43.950,1.11772,1.11781
EUR/USD,20160729 20:54:44.055,1.11772,1.11781
EUR/USD,20160729 20:54:44.181,1.11772,1.11781
EUR/USD,20160729 20:54:44.406,1.11772,1.11783
EUR/USD,20160729 20:54:44.614,1.11772,1.11784
EUR/USD,20160729 20:54:44.728,1.11772,1.11783
EUR/USD,20160729 20:54:44.853,1.11772,1.11783
EUR/USD,20160729 20:54:45.802,1.11772,1.11783
EUR/USD,20160729 20:54:46.242,1.11772,1.11783
EUR/USD,20160729 20:54:46.685,1.1177,1.11783
EUR/USD,20160729 20:54:46.691,1.11767,1.11783
EUR/USD,20160729 20:54:46.692,1.11768,1.11784
EUR/USD,20160729 20:54:46.701,1.11767,1.11784
EUR/USD,20160729 20:54:46.747,1.11767,1.11783
EUR/USD,20160729 20:54:46.899,1.11768,1.11784
EUR/USD,20160729 20:54:46.901,1.11767,1.11783
EUR/USD,20160729 20:54:47.143,1.11767,1.11783
EUR/USD,20160729 20:54:47.221,1.11767,1.11783
EUR/USD,20160729 20:54:47.233,1.11768,1.11783
EUR/USD,20160729 20:54:47.362,1.11768,1.11783
EUR/USD,20160729 20:54:47.708,1.11768,1.11783
EUR/USD,20160729 20:54:47.838,1.11772,1.11784
EUR/USD,20160729 20:54:47.839,1.11772,1.11783
EUR/USD,20160729 20:54:47.844,1.11772,1.11784
EUR/USD,20160729 20:54:48.051,1.11772,1.11784
EUR/USD,20160729 20:54:48.070,1.11772,1.11784
EUR/USD,20160729 20:54:48.094,1.11772,1.11786
EUR/USD,20160729 20:54:48.120,1.11772,1.11783
EUR/USD,20160729 20:54:48.264,1.11772,1.11783
EUR/USD,20160729 20:54:48.512,1.11772,1.11785
EUR/USD,20160729 20:54:48.535,1.11772,1.11784
EUR/USD,20160729 20:54:48.710,1.11772,1.11783
EUR/USD,20160729 20:54:48.955,1.11772,1.11783
EUR/USD,20160729 20:54:49.230,1.11772,1.11784
EUR/USD,20160729 20:54:49.232,1.11772,1.11785
EUR/USD,20160729 20:54:49.236,1.11772,1.11784
EUR/USD,20160729 20:54:49.462,1.11772,1.11784
EUR/USD,20160729 20:54:49.465,1.11772,1.11785
EUR/USD,20160729 20:54:49.476,1.11772,1.11784
EUR/USD,20160729 20:54:49.673,1.11772,1.11784
EUR/USD,20160729 20:54:49.676,1.11772,1.11782
EUR/USD,20160729 20:54:49.740,1.11772,1.11782
EUR/USD,20160729 20:54:50.349,1.11772,1.11782
EUR/USD,20160729 20:54:51.284,1.11772,1.11782
EUR/USD,20160729 20:54:52.199,1.11768,1.11782
EUR/USD,20160729 20:54:52.202,1.11767,1.11782
EUR/USD,20160729 20:54:52.215,1.11767,1.11784
EUR/USD,20160729 20:54:52.247,1.11767,1.11782
EUR/USD,20160729 20:54:52.398,1.11767,1.11784
EUR/USD,20160729 20:54:52.400,1.11767,1.11782
EUR/USD,20160729 20:54:52.444,1.11767,1.11784
EUR/USD,20160729 20:54:52.477,1.11767,1.11782
EUR/USD,20160729 20:54:52.615,1.11768,1.11785
EUR/USD,20160729 20:54:52.627,1.11767,1.11783
EUR/USD,20160729 20:54:52.684,1.11771,1.11784
EUR/USD,20160729 20:54:52.829,1.11771,1.11784
EUR/USD,20160729 20:54:52.843,1.11772,1.11784
EUR/USD,20160729 20:54:53.055,1.11768,1.11784
EUR/USD,20160729 20:54:53.082,1.11767,1.11784
EUR/USD,20160729 20:54:53.262,1.11767,1.11784
EUR/USD,20160729 20:54:53.319,1.11767,1.11784
EUR/USD,20160729 20:54:53.474,1.11768,1.11784
EUR/USD,20160729 20:54:53.476,1.11767,1.11784
EUR/USD,20160729 20:54:53.679,1.11771,1.11784
EUR/USD,20160729 20:54:53.761,1.11771,1.11784
EUR/USD,20160729 20:54:53.898,1.11772,1.11784
EUR/USD,20160729 20:54:53.899,1.11772,1.11783
EUR/USD,20160729 20:54:53.998,1.11768,1.11783
EUR/USD,20160729 20:54:54.118,1.11767,1.11783
EUR/USD,20160729 20:54:54.120,1.11768,1.11784
EUR/USD,20160729 20:54:54.123,1.11769,1.11784
EUR/USD,20160729 20:54:54.315,1.11768,1.11784
EUR/USD,20160729 20:54:54.352,1.11768,1.11784
EUR/USD,20160729 20:54:54.364,1.11768,1.11783
EUR/USD,20160729 20:54:54.547,1.11769,1.11783
EUR/USD,20160729 20:54:54.576,1.11768,1.11784
EUR/USD,20160729 20:54:54.777,1.11767,1.11783
EUR/USD,20160729 20:54:54.778,1.11772,1.11783
EUR/USD,20160729 20:54:54.780,1.1177,1.11783
EUR/USD,20160729 20:54:54.783,1.11767,1.11783
EUR/USD,20160729 20:54:54.795,1.11768,1.11785
EUR/USD,20160729 20:54:54.865,1.11768,1.11784
EUR/USD,20160729 20:54:54.989,1.11768,1.11783
EUR/USD,20160729 20:54:55.087,1.11768,1.11783
EUR/USD,20160729 20:54:55.210,1.11768,1.11781
EUR/USD,20160729 20:54:55.212,1.11767,1.11781
EUR/USD,20160729 20:54:55.220,1.11767,1.11782
EUR/USD,20160729 20:54:55.305,1.11771,1.11782
EUR/USD,20160729 20:54:55.418,1.11771,1.11785
EUR/USD,20160729 20:54:55.463,1.11772,1.11785
EUR/USD,20160729 20:54:55.643,1.11772,1.11785
EUR/USD,20160729 20:54:55.662,1.1177,1.11784
EUR/USD,20160729 20:54:55.673,1.11768,1.11784
EUR/USD,20160729 20:54:55.684,1.11768,1.11783
EUR/USD,20160729 20:54:55.920,1.11768,1.11783
EUR/USD,20160729 20:54:56.157,1.11768,1.11783
EUR/USD,20160729 20:54:56.311,1.11771,1.11784
EUR/USD,20160729 20:54:56.331,1.11771,1.11784
EUR/USD,20160729 20:54:56.511,1.11771,1.11784
EUR/USD,20160729 20:54:56.512,1.11771,1.11783
EUR/USD,20160729 20:54:56.572,1.11768,1.11783
EUR/USD,20160729 20:54:56.697,1.11768,1.11784
EUR/USD,20160729 20:54:56.698,1.11767,1.11782
EUR/USD,20160729 20:54:56.715,1.11767,1.11783
EUR/USD,20160729 20:54:56.738,1.11767,1.11782
EUR/USD,20160729 20:54:56.773,1.11768,1.11782
EUR/USD,20160729 20:54:56.908,1.11768,1.11784
EUR/USD,20160729 20:54:56.910,1.11768,1.11783
EUR/USD,20160729 20:54:56.953,1.11767,1.11783
EUR/USD,20160729 20:54:57.144,1.11772,1.11783
EUR/USD,20160729 20:54:57.196,1.11772,1.11783
EUR/USD,20160729 20:54:57.340,1.11772,1.11784
EUR/USD,20160729 20:54:57.361,1.11772,1.11783
EUR/USD,20160729 20:54:57.584,1.11772,1.11783
EUR/USD,20160729 20:54:57.589,1.11772,1.11784
EUR/USD,20160729 20:54:57.797,1.11772,1.11784
EUR/USD,20160729 20:54:57.831,1.11772,1.11784
EUR/USD,20160729 20:54:57.866,1.11772,1.11783
EUR/USD,20160729 20:54:58.099,1.11772,1.11782
EUR/USD,20160729 20:54:58.951,1.11772,1.11782
EUR/USD,20160729 20:55:00.106,1.11772,1.11783
EUR/USD,20160729 20:55:00.110,1.11767,1.11781
EUR/USD,20160729 20:55:00.111,1.11767,1.1178
EUR/USD,20160729 20:55:00.114,1.11767,1.11781
EUR/USD,20160729 20:55:00.117,1.11767,1.11783
EUR/USD,20160729 20:55:00.165,1.11768,1.11783
EUR/USD,20160729 20:55:00.298,1.11769,1.11784
EUR/USD,20160729 20:55:00.523,1.11768,1.11784
EUR/USD,20160729 20:55:00.544,1.11768,1.11783
EUR/USD,20160729 20:55:00.700,1.11769,1.11784
EUR/USD,20160729 20:55:00.745,1.11769,1.11784
EUR/USD,20160729 20:55:01.125,1.11768,1.11784
EUR/USD,20160729 20:55:01.303,1.11768,1.11784
EUR/USD,20160729 20:55:01.944,1.11768,1.11783
EUR/USD,20160729 20:55:02.016,1.11768,1.11783
EUR/USD,20160729 20:55:02.155,1.11768,1.11783
EUR/USD,20160729 20:55:03.293,1.11767,1.11782
EUR/USD,20160729 20:55:03.326,1.11767,1.11782
EUR/USD,20160729 20:55:03.512,1.11768,1.11782
EUR/USD,20160729 20:55:03.513,1.11768,1.11781
EUR/USD,20160729 20:55:03.569,1.11768,1.1178
EUR/USD,20160729 20:55:03.713,1.11768,1.1178
EUR/USD,20160729 20:55:03.756,1.11766,1.11781
EUR/USD,20160729 20:55:03.932,1.11767,1.11781
EUR/USD,20160729 20:55:03.938,1.11767,1.11782
EUR/USD,20160729 20:55:04.128,1.11767,1.11781
EUR/USD,20160729 20:55:04.136,1.11767,1.11782
EUR/USD,20160729 20:55:04.183,1.11767,1.11782
EUR/USD,20160729 20:55:04.207,1.11768,1.11782
EUR/USD,20160729 20:55:04.337,1.11768,1.11782
EUR/USD,20160729 20:55:04.445,1.11768,1.11782
EUR/USD,20160729 20:55:04.567,1.11768,1.11782
EUR/USD,20160729 20:55:04.802,1.11768,1.11782
EUR/USD,20160729 20:55:05.045,1.11768,1.11782
EUR/USD,20160729 20:55:06.239,1.11768,1.11782
EUR/USD,20160729 20:55:06.247,1.11768,1.11782
EUR/USD,20160729 20:55:07.205,1.11768,1.11782
EUR/USD,20160729 20:55:08.276,1.11768,1.11782
EUR/USD,20160729 20:55:08.495,1.11768,1.11782
EUR/USD,20160729 20:55:10.316,1.11773,1.11785
EUR/USD,20160729 20:55:10.317,1.11774,1.11787
EUR/USD,20160729 20:55:10.320,1.11774,1.11785
EUR/USD,20160729 20:55:10.529,1.11774,1.11786
EUR/USD,20160729 20:55:10.559,1.11774,1.11786
EUR/USD,20160729 20:55:10.729,1.11774,1.11785
EUR/USD,20160729 20:55:10.737,1.11774,1.11785
EUR/USD,20160729 20:55:10.950,1.11774,1.11784
EUR/USD,20160729 20:55:10.951,1.11773,1.11784
EUR/USD,20160729 20:55:11.011,1.11773,1.11784
EUR/USD,20160729 20:55:11.163,1.11773,1.11784
EUR/USD,20160729 20:55:11.246,1.11773,1.11784
EUR/USD,20160729 20:55:11.383,1.11773,1.11784
EUR/USD,20160729 20:55:11.442,1.11774,1.11784
EUR/USD,20160729 20:55:11.638,1.11774,1.11784
EUR/USD,20160729 20:55:12.155,1.11774,1.11784
EUR/USD,20160729 20:55:13.999,1.11774,1.11784
EUR/USD,20160729 20:55:14.085,1.11774,1.11783
EUR/USD,20160729 20:55:14.222,1.11774,1.11783
EUR/USD,20160729 20:55:16.189,1.11774,1.11783
EUR/USD,20160729 20:55:16.437,1.11774,1.11783
EUR/USD,20160729 20:55:16.535,1.11774,1.11783
EUR/USD,20160729 20:55:16.885,1.11774,1.11783
EUR/USD,20160729 20:55:16.887,1.11773,1.11783
EUR/USD,20160729 20:55:16.888,1.11774,1.11783
EUR/USD,20160729 20:55:17.094,1.11774,1.11783
EUR/USD,20160729 20:55:17.102,1.11773,1.11783
EUR/USD,20160729 20:55:17.103,1.11774,1.11783
EUR/USD,20160729 20:55:17.154,1.11773,1.11782
EUR/USD,20160729 20:55:17.383,1.11773,1.11782
EUR/USD,20160729 20:55:17.562,1.11773,1.11782
EUR/USD,20160729 20:55:17.655,1.11774,1.11784
EUR/USD,20160729 20:55:17.777,1.11777,1.11785
EUR/USD,20160729 20:55:17.781,1.11775,1.11785
EUR/USD,20160729 20:55:17.782,1.11774,1.11785
EUR/USD,20160729 20:55:17.846,1.11774,1.11785
EUR/USD,20160729 20:55:17.981,1.11774,1.11784
EUR/USD,20160729 20:55:17.984,1.11774,1.11783
EUR/USD,20160729 20:55:17.986,1.11773,1.11782
EUR/USD,20160729 20:55:18.187,1.11773,1.11782
EUR/USD,20160729 20:55:18.434,1.11773,1.11782
EUR/USD,20160729 20:55:18.617,1.11773,1.11782
EUR/USD,20160729 20:55:19.029,1.11774,1.11782
EUR/USD,20160729 20:55:19.099,1.11774,1.11782
EUR/USD,20160729 20:55:19.298,1.11776,1.11787
EUR/USD,20160729 20:55:19.321,1.11777,1.11785
EUR/USD,20160729 20:55:19.466,1.11777,1.11785
EUR/USD,20160729 20:55:21.287,1.11777,1.11785
EUR/USD,20160729 20:55:21.733,1.11773,1.11785
EUR/USD,20160729 20:55:21.735,1.11771,1.11782
EUR/USD,20160729 20:55:21.736,1.11769,1.11783
EUR/USD,20160729 20:55:21.738,1.11769,1.11782
EUR/USD,20160729 20:55:21.739,1.11769,1.11781
EUR/USD,20160729 20:55:21.933,1.11769,1.11781
EUR/USD,20160729 20:55:22.209,1.11769,1.11781
EUR/USD,20160729 20:55:22.361,1.11769,1.11781
EUR/USD,20160729 20:55:22.646,1.11771,1.11781
EUR/USD,20160729 20:55:22.788,1.11771,1.11781
EUR/USD,20160729 20:55:23.000,1.11771,1.11781
EUR/USD,20160729 20:55:23.487,1.11771,1.11781
EUR/USD,20160729 20:55:23.757,1.11771,1.11782
EUR/USD,20160729 20:55:23.894,1.11771,1.11782
EUR/USD,20160729 20:55:24.105,1.11771,1.11781
EUR/USD,20160729 20:55:24.147,1.11771,1.11781
EUR/USD,20160729 20:55:24.381,1.11771,1.11781
EUR/USD,20160729 20:55:24.543,1.11771,1.11781
EUR/USD,20160729 20:55:24.863,1.11771,1.11781
EUR/USD,20160729 20:55:24.982,1.11771,1.11781
EUR/USD,20160729 20:55:25.222,1.11771,1.11781
EUR/USD,20160729 20:55:25.969,1.11771,1.1178
EUR/USD,20160729 20:55:26.170,1.11771,1.1178
EUR/USD,20160729 20:55:26.194,1.11771,1.1178
EUR/USD,20160729 20:55:26.721,1.11771,1.11782
EUR/USD,20160729 20:55:26.841,1.11771,1.11781
EUR/USD,20160729 20:55:26.853,1.11771,1.11781
EUR/USD,20160729 20:55:27.049,1.11771,1.11781
EUR/USD,20160729 20:55:27.214,1.11767,1.11782
EUR/USD,20160729 20:55:27.216,1.1177,1.11782
EUR/USD,20160729 20:55:27.219,1.1177,1.11782
EUR/USD,20160729 20:55:27.369,1.1177,1.11782
EUR/USD,20160729 20:55:27.837,1.1177,1.11781
EUR/USD,20160729 20:55:27.839,1.1177,1.11782
EUR/USD,20160729 20:55:27.864,1.1177,1.11782
EUR/USD,20160729 20:55:27.916,1.1177,1.11783
EUR/USD,20160729 20:55:28.058,1.1177,1.11783
EUR/USD,20160729 20:55:28.376,1.1177,1.11783
EUR/USD,20160729 20:55:29.321,1.1177,1.11783
EUR/USD,20160729 20:55:29.971,1.1177,1.11784
EUR/USD,20160729 20:55:29.989,1.1177,1.11779
EUR/USD,20160729 20:55:30.071,1.11769,1.11779
EUR/USD,20160729 20:55:30.193,1.1177,1.11779
EUR/USD,20160729 20:55:30.213,1.1177,1.11779
EUR/USD,20160729 20:55:30.388,1.1177,1.11779
EUR/USD,20160729 20:55:30.878,1.11771,1.11779
EUR/USD,20160729 20:55:31.137,1.1177,1.11779
EUR/USD,20160729 20:55:31.161,1.11769,1.11779
EUR/USD,20160729 20:55:31.171,1.11769,1.11779
EUR/USD,20160729 20:55:31.312,1.11769,1.11779
EUR/USD,20160729 20:55:31.506,1.11769,1.11779
EUR/USD,20160729 20:55:31.724,1.11769,1.11779
EUR/USD,20160729 20:55:32.197,1.11769,1.11779
EUR/USD,20160729 20:55:34.978,1.11769,1.11779
EUR/USD,20160729 20:55:35.194,1.11769,1.11779
EUR/USD,20160729 20:55:35.645,1.11769,1.11779
EUR/USD,20160729 20:55:36.333,1.11769,1.11779
EUR/USD,20160729 20:55:36.365,1.11769,1.11779
EUR/USD,20160729 20:55:36.561,1.11769,1.11779
EUR/USD,20160729 20:55:37.102,1.11772,1.11779
EUR/USD,20160729 20:55:37.114,1.1177,1.11779
EUR/USD,20160729 20:55:37.123,1.1177,1.11779
EUR/USD,20160729 20:55:37.135,1.1177,1.11779
EUR/USD,20160729 20:55:37.269,1.1177,1.11779
EUR/USD,20160729 20:55:38.987,1.1177,1.11779
EUR/USD,20160729 20:55:39.322,1.1177,1.11779
EUR/USD,20160729 20:55:41.322,1.1177,1.11779
EUR/USD,20160729 20:55:42.042,1.1177,1.11779
EUR/USD,20160729 20:55:42.083,1.1177,1.11779
EUR/USD,20160729 20:55:42.251,1.1177,1.11779
EUR/USD,20160729 20:55:43.760,1.1177,1.11779
EUR/USD,20160729 20:55:44.236,1.1177,1.11779
EUR/USD,20160729 20:55:44.711,1.1177,1.11779
EUR/USD,20160729 20:55:46.011,1.1177,1.11779
EUR/USD,20160729 20:55:46.249,1.1177,1.11779
EUR/USD,20160729 20:55:46.872,1.1177,1.11778
EUR/USD,20160729 20:55:46.935,1.1177,1.11778
EUR/USD,20160729 20:55:47.166,1.1177,1.11778
EUR/USD,20160729 20:55:50.052,1.11768,1.11778
EUR/USD,20160729 20:55:50.054,1.11768,1.11778
EUR/USD,20160729 20:55:50.055,1.11768,1.11778
EUR/USD,20160729 20:55:50.249,1.11768,1.11778
EUR/USD,20160729 20:55:50.274,1.11768,1.11778
EUR/USD,20160729 20:55:51.198,1.11768,1.11778
EUR/USD,20160729 20:55:52.168,1.11768,1.11778
EUR/USD,20160729 20:55:54.719,1.11767,1.11778
EUR/USD,20160729 20:55:54.724,1.11767,1.11778
EUR/USD,20160729 20:55:56.260,1.11767,1.11778
EUR/USD,20160729 20:55:57.129,1.11767,1.11778
EUR/USD,20160729 20:55:57.299,1.11768,1.11778
EUR/USD,20160729 20:55:57.398,1.11768,1.11778
EUR/USD,20160729 20:55:57.521,1.11767,1.11778
EUR/USD,20160729 20:55:57.711,1.11767,1.11778
EUR/USD,20160729 20:55:59.021,1.11767,1.11778
EUR/USD,20160729 20:56:00.227,1.11768,1.11778
EUR/USD,20160729 20:56:00.853,1.11768,1.11778
EUR/USD,20160729 20:56:01.163,1.11768,1.11778
EUR/USD,20160729 20:56:01.603,1.11767,1.11778
EUR/USD,20160729 20:56:01.642,1.11767,1.11778
EUR/USD,20160729 20:56:02.125,1.11767,1.11778
EUR/USD,20160729 20:56:04.877,1.11767,1.11778
EUR/USD,20160729 20:56:05.055,1.11767,1.11778
EUR/USD,20160729 20:56:05.056,1.11767,1.11775
EUR/USD,20160729 20:56:05.149,1.11767,1.11775
EUR/USD,20160729 20:56:05.276,1.11767,1.11775
EUR/USD,20160729 20:56:05.445,1.11767,1.11775
EUR/USD,20160729 20:56:05.510,1.11767,1.11775
EUR/USD,20160729 20:56:06.227,1.11767,1.11775
EUR/USD,20160729 20:56:06.709,1.11767,1.11775
EUR/USD,20160729 20:56:06.871,1.11767,1.11775
EUR/USD,20160729 20:56:07.182,1.11767,1.11775
EUR/USD,20160729 20:56:07.371,1.11762,1.11775
EUR/USD,20160729 20:56:07.387,1.11763,1.11775
EUR/USD,20160729 20:56:07.546,1.11763,1.11775
EUR/USD,20160729 20:56:07.551,1.11762,1.11774
EUR/USD,20160729 20:56:07.555,1.11761,1.11772
EUR/USD,20160729 20:56:07.568,1.11761,1.11773
EUR/USD,20160729 20:56:07.617,1.11761,1.11772
EUR/USD,20160729 20:56:07.747,1.11761,1.11772
EUR/USD,20160729 20:56:07.953,1.11761,1.11772
EUR/USD,20160729 20:56:08.031,1.11761,1.11772
EUR/USD,20160729 20:56:08.452,1.11761,1.11772
EUR/USD,20160729 20:56:08.571,1.11761,1.11772
EUR/USD,20160729 20:56:08.691,1.11761,1.11772
EUR/USD,20160729 20:56:08.905,1.11761,1.11772
EUR/USD,20160729 20:56:08.907,1.11762,1.11772
EUR/USD,20160729 20:56:08.988,1.11762,1.11772
EUR/USD,20160729 20:56:09.380,1.11762,1.11772
EUR/USD,20160729 20:56:10.074,1.11762,1.11772
EUR/USD,20160729 20:56:10.158,1.11762,1.11772
EUR/USD,20160729 20:56:10.294,1.11763,1.11772
EUR/USD,20160729 20:56:10.310,1.11764,1.11772
EUR/USD,20160729 20:56:10.324,1.11764,1.11775
EUR/USD,20160729 20:56:10.476,1.11763,1.11775
EUR/USD,20160729 20:56:10.542,1.11763,1.11775
EUR/USD,20160729 20:56:10.679,1.11763,1.11775
EUR/USD,20160729 20:56:10.738,1.11764,1.11775
EUR/USD,20160729 20:56:10.865,1.11765,1.11775
EUR/USD,20160729 20:56:10.870,1.11766,1.11778
EUR/USD,20160729 20:56:10.873,1.11767,1.11778
EUR/USD,20160729 20:56:10.908,1.11768,1.11778
EUR/USD,20160729 20:56:11.074,1.11768,1.11778
EUR/USD,20160729 20:56:11.075,1.11767,1.11778
EUR/USD,20160729 20:56:11.111,1.11767,1.11774
EUR/USD,20160729 20:56:11.125,1.11762,1.11768
EUR/USD,20160729 20:56:11.265,1.11761,1.11768
EUR/USD,20160729 20:56:11.273,1.11762,1.11768
EUR/USD,20160729 20:56:11.278,1.11763,1.11773
EUR/USD,20160729 20:56:11.280,1.11762,1.11772
EUR/USD,20160729 20:56:11.311,1.11763,1.11772
EUR/USD,20160729 20:56:11.460,1.11761,1.11773
EUR/USD,20160729 20:56:11.461,1.11761,1.11772
EUR/USD,20160729 20:56:11.512,1.11761,1.11767
EUR/USD,20160729 20:56:11.666,1.11761,1.11767
EUR/USD,20160729 20:56:11.676,1.11761,1.11772
EUR/USD,20160729 20:56:11.691,1.11761,1.11773
EUR/USD,20160729 20:56:11.760,1.11762,1.11772
EUR/USD,20160729 20:56:11.878,1.11763,1.11772
EUR/USD,20160729 20:56:11.880,1.11765,1.11772
EUR/USD,20160729 20:56:11.883,1.11764,1.11772
EUR/USD,20160729 20:56:11.916,1.11763,1.11772
EUR/USD,20160729 20:56:12.093,1.11763,1.11772
EUR/USD,20160729 20:56:12.157,1.11763,1.11772
EUR/USD,20160729 20:56:12.313,1.11763,1.11772
EUR/USD,20160729 20:56:12.392,1.11763,1.11772
EUR/USD,20160729 20:56:12.525,1.11763,1.11772
EUR/USD,20160729 20:56:12.628,1.11763,1.11772
EUR/USD,20160729 20:56:13.225,1.11764,1.11772
EUR/USD,20160729 20:56:13.236,1.11764,1.11772
EUR/USD,20160729 20:56:13.686,1.11763,1.11772
EUR/USD,20160729 20:56:13.687,1.11764,1.11772
EUR/USD,20160729 20:56:13.690,1.11764,1.11772
EUR/USD,20160729 20:56:13.704,1.11765,1.11772
EUR/USD,20160729 20:56:13.718,1.11766,1.11775
EUR/USD,20160729 20:56:13.730,1.11766,1.11775
EUR/USD,20160729 20:56:13.885,1.11766,1.11775
EUR/USD,20160729 20:56:13.976,1.11766,1.11775
EUR/USD,20160729 20:56:15.146,1.11762,1.11775
EUR/USD,20160729 20:56:15.148,1.11763,1.11775
EUR/USD,20160729 20:56:15.150,1.11765,1.11775
EUR/USD,20160729 20:56:15.152,1.11765,1.11775
EUR/USD,20160729 20:56:15.154,1.11763,1.11772
EUR/USD,20160729 20:56:15.157,1.11764,1.11772
EUR/USD,20160729 20:56:15.360,1.11764,1.11772
EUR/USD,20160729 20:56:15.417,1.11764,1.11772
EUR/USD,20160729 20:56:15.581,1.11764,1.11772
EUR/USD,20160729 20:56:15.653,1.11764,1.11772
EUR/USD,20160729 20:56:15.669,1.11763,1.11772
EUR/USD,20160729 20:56:15.804,1.11764,1.11772
EUR/USD,20160729 20:56:15.809,1.11764,1.11772
EUR/USD,20160729 20:56:16.001,1.11764,1.11772
EUR/USD,20160729 20:56:16.040,1.11764,1.11772
EUR/USD,20160729 20:56:16.241,1.11765,1.11772
EUR/USD,20160729 20:56:16.260,1.11765,1.11772
EUR/USD,20160729 20:56:16.449,1.11766,1.11772
EUR/USD,20160729 20:56:16.450,1.11768,1.11772
EUR/USD,20160729 20:56:16.452,1.11767,1.11775
EUR/USD,20160729 20:56:16.653,1.11767,1.11775
EUR/USD,20160729 20:56:17.185,1.11767,1.11775
EUR/USD,20160729 20:56:17.380,1.11766,1.11775
EUR/USD,20160729 20:56:17.574,1.11768,1.11775
EUR/USD,20160729 20:56:17.576,1.11767,1.11775
EUR/USD,20160729 20:56:17.655,1.11767,1.11775
EUR/USD,20160729 20:56:18.043,1.11766,1.11775
EUR/USD,20160729 20:56:18.044,1.11767,1.11775
EUR/USD,20160729 20:56:18.045,1.11768,1.11775
EUR/USD,20160729 20:56:18.055,1.1177,1.11775
EUR/USD,20160729 20:56:18.255,1.1177,1.11775
EUR/USD,20160729 20:56:18.288,1.1177,1.11775
EUR/USD,20160729 20:56:18.469,1.11768,1.11775
EUR/USD,20160729 20:56:18.556,1.11768,1.11775
EUR/USD,20160729 20:56:19.017,1.11767,1.11775
EUR/USD,20160729 20:56:19.159,1.1177,1.11775
EUR/USD,20160729 20:56:19.160,1.11768,1.11775
EUR/USD,20160729 20:56:19.214,1.11768,1.11775
